trial,method,rotation_error_x_deg,translation_error_x,rotation_error_y_deg,translation_error_y,rotation_error_z_deg,translation_error_z,worst_rotation_error_deg,worst_translation_error,final_loss,success_rot_le_5deg
0.0,ZNN-CORO,0.5836143453655461,0.03150274698147451,0.8747354121189291,0.024202919896449324,0.600826300598077,0.015194433427270867,0.8747354121189291,0.03150274698147451,0.0007206672989900475,1.0
0.0,GNN-CORO,1.9104783445066276,0.3035916009203062,7.60908012139466,0.2330752566405794,8.41936556579884,0.27957245520805973,8.41936556579884,0.3035916009203062,0.34256808290105395,0.0
1.0,ZNN-CORO,0.29829537052587124,0.0245127380849312,0.3393650340428778,0.01397999175010726,0.1369529285095405,0.01574354289091224,0.3393650340428778,0.0245127380849312,0.00071388721600738,1.0
1.0,GNN-CORO,12.312193636917094,0.3453379864547742,12.346877032424157,0.38104930996496295,1.5587621897562283,0.15707427243060484,12.346877032424157,0.38104930996496295,0.16325789470733976,0.0
2.0,ZNN-CORO,0.13004150028544928,0.016634845017047418,0.5771249157652052,0.019756556277605534,0.5836779681259866,0.022358153827408144,0.5836779681259866,0.022358153827408144,0.0010365551107151835,1.0
2.0,GNN-CORO,10.067781018752845,0.275434125858278,7.665049713213076,0.33328383520895444,3.471336733971788,0.13638143323539728,10.067781018752845,0.33328383520895444,0.15417593947922364,0.0
3.0,ZNN-CORO,0.30289308671135945,0.02647121858330369,0.6977309380885168,0.0058840994406105865,0.616095707539707,0.027687242829921913,0.6977309380885168,0.027687242829921913,0.00036608073867233274,1.0
3.0,GNN-CORO,6.7805624486337965,0.25123299087235357,15.314791613050005,0.13082025726938531,2.774615344399492,0.1198673657663389,15.314791613050005,0.25123299087235357,0.19833960189983985,0.0
4.0,ZNN-CORO,0.9485759677961267,0.0341775772553453,0.7532196925508763,0.015995452579401055,0.7594759880848774,0.03921917160464787,0.9485759677961267,0.03921917160464787,0.0002943444396182177,1.0
4.0,GNN-CORO,7.990546803801716,0.28265015938381843,9.587401905393238,0.048186909285036286,7.206756273732415,0.2843341775464915,9.587401905393238,0.2843341775464915,0.15747565832013352,0.0
5.0,ZNN-CORO,0.575723626255222,0.010907684355304762,0.6702752644895248,0.004330171614071948,0.657804728870646,0.01328504737600223,0.6702752644895248,0.01328504737600223,0.0004792562977650089,1.0
5.0,GNN-CORO,3.0674078942720615,0.38536986835842807,6.054532364540195,0.46294510436135,15.12480726497057,0.18968144739972376,15.12480726497057,0.46294510436135,0.24659766939728994,0.0
6.0,ZNN-CORO,0.4534699740688544,0.0362726000282786,0.30390221775156573,0.02817401663120539,0.26665078706004125,0.010812020540363683,0.4534699740688544,0.0362726000282786,0.0006640243041383716,1.0
6.0,GNN-CORO,7.94302762961859,0.17269756570825465,12.397985094638297,0.5114368664887807,7.486653366827479,0.27825433567431823,12.397985094638297,0.5114368664887807,0.37223148185007693,0.0
7.0,ZNN-CORO,1.1198531664664757,0.019784805093901698,0.6901615801557346,0.006491096731577212,0.8536623792358888,0.0185510759500814,1.1198531664664757,0.019784805093901698,0.0005085777634481748,1.0
7.0,GNN-CORO,3.184998258972195,0.21594108991363928,16.93443745957894,0.5453418410054269,13.437965017476769,0.3723346063099625,16.93443745957894,0.5453418410054269,0.4101581959886516,0.0
8.0,ZNN-CORO,1.0053339098807739,0.015695985137418968,0.4215992464398435,0.014258555401070754,0.5627095928175774,0.013926455542003485,1.0053339098807739,0.015695985137418968,0.000558298509014885,1.0
8.0,GNN-CORO,14.810726106647895,0.38616603329677973,13.813636735126341,0.2365127950096443,14.248627348248986,0.23526994200594192,14.810726106647895,0.38616603329677973,0.2609272778116824,0.0
9.0,ZNN-CORO,0.7718136877399382,0.02317242817235483,0.5300211218653132,0.026827053580634874,0.5826493891268126,0.011053909417111448,0.7718136877399382,0.026827053580634874,0.00047492200377951963,1.0
9.0,GNN-CORO,2.3026822632891983,0.18481316474512163,15.644860337291481,0.043346281761247836,3.8701916291234,0.3212639248503853,15.644860337291481,0.3212639248503853,0.21776466157348146,0.0
10.0,ZNN-CORO,0.8591450690554205,0.018479558441152493,0.47861308017083953,0.012164980088162356,0.4844634011176005,0.008791147909059063,0.8591450690554205,0.018479558441152493,0.0005408663253404163,1.0
10.0,GNN-CORO,11.553798116072048,0.349432912088198,3.2099657966553585,0.4132065664640304,2.114655379844322,0.2385580713156142,11.553798116072048,0.4132065664640304,0.46434144293885266,0.0
11.0,ZNN-CORO,1.3878743177959614,0.02122417619539381,0.8719051187994088,0.015465981052405571,0.5825099430279616,0.014219647511256437,1.3878743177959614,0.02122417619539381,0.0005150997913509546,1.0
11.0,GNN-CORO,2.3550689878436577,0.4296040692056276,14.75038597535397,0.44310087675592197,4.908345479906279,0.2505861264492033,14.75038597535397,0.44310087675592197,0.4741953373808823,0.0
12.0,ZNN-CORO,0.5022421415939513,0.023943726630113234,0.39607420485155126,0.00926966752483506,0.6595785824656951,0.016819641177588142,0.6595785824656951,0.023943726630113234,0.0005392521741052365,1.0
12.0,GNN-CORO,13.96669989217975,0.4143082452667636,4.907422881848721,0.14977377012924697,9.627808807965424,0.2709186116485419,13.96669989217975,0.4143082452667636,0.49775691263840227,0.0
13.0,ZNN-CORO,0.21784323426840213,0.013123243747483691,0.38325138095404154,0.005878350240233746,0.4004197457874171,0.01472981168834544,0.4004197457874171,0.01472981168834544,0.0003852183617525793,1.0
13.0,GNN-CORO,3.5291895976010808,0.12253348334930494,5.532462562447649,0.06533877761780128,4.539628463855331,0.18432919871748227,5.532462562447649,0.18432919871748227,0.11882836998681537,0.0
14.0,ZNN-CORO,0.3003639632556388,0.007931663681315771,0.5236424882951113,0.010869277758173233,0.4051874909190159,0.010607819199462593,0.5236424882951113,0.010869277758173233,0.0010170266704106123,1.0
14.0,GNN-CORO,2.804213418707857,0.6000399883784173,7.943928881107599,0.39483116890377506,17.787082052190556,0.3934559287105508,17.787082052190556,0.6000399883784173,0.37619850104839,0.0
15.0,ZNN-CORO,0.7546797463774304,0.10575763732697402,0.7347258283167997,0.0769894465738905,0.8031329922130714,0.038072149876371975,0.8031329922130714,0.10575763732697402,0.0006317266073509358,1.0
15.0,GNN-CORO,15.691642299063249,0.19283848338449192,10.817438221727869,0.16677447240856647,11.397911209745851,0.2095056185266114,15.691642299063249,0.2095056185266114,0.18207949354620429,0.0
16.0,ZNN-CORO,1.3655648790390515,0.049961627185199774,0.872535993010274,0.04455063316738177,0.6048656664723197,0.018515504236890513,1.3655648790390515,0.049961627185199774,0.00044514296470001945,1.0
16.0,GNN-CORO,3.102758513133354,0.27734054411112513,2.541648710717899,0.40936408195640495,8.62204092012203,0.30935673194483115,8.62204092012203,0.40936408195640495,0.26276787629834863,0.0
17.0,ZNN-CORO,0.2195382601780255,0.009320408676218488,0.4465359708316242,0.004925707261834057,0.2117083605972515,0.007001784468793161,0.4465359708316242,0.009320408676218488,0.0003927993728073813,1.0
17.0,GNN-CORO,12.998355925105221,0.1930618370495313,1.5629889684628913,0.29675084106803207,4.035443090584533,0.14701248359034336,12.998355925105221,0.29675084106803207,0.13805567821968645,0.0
18.0,ZNN-CORO,0.7822306415326568,0.023794048182113444,0.25841815543372415,0.027754776587228032,0.7202822736888821,0.019518585607454276,0.7822306415326568,0.027754776587228032,0.0008565507423461332,1.0
18.0,GNN-CORO,11.90938426844346,0.18323564482580676,11.798540058864118,0.24703614767893403,10.52466499823015,0.24961339570296273,11.90938426844346,0.24961339570296273,0.11888948875420098,0.0
19.0,ZNN-CORO,1.0687724835848285,0.025182244536325872,0.8783775706643931,0.01794749083328964,0.45110168874534273,0.027492471764785434,1.0687724835848285,0.027492471764785434,0.00040449903524107645,1.0
19.0,GNN-CORO,13.573166268216836,0.16888827452303817,16.03568332731597,0.6318733338713765,10.38611482217159,0.20069524374170541,16.03568332731597,0.6318733338713765,0.37170194883261326,0.0
20.0,ZNN-CORO,0.5697520428368334,0.005135711022530257,0.5276823712028575,0.006173672343063827,0.29603427260760995,0.004668446402608721,0.5697520428368334,0.006173672343063827,0.00040034686980326483,1.0
20.0,GNN-CORO,2.5458511972473152,0.3426824085431674,9.783865516088882,0.3487359551824693,12.886012189385157,0.424750203393981,12.886012189385157,0.424750203393981,0.3058383092568776,0.0
21.0,ZNN-CORO,2.5859837652004067,0.07841498491837579,0.7504499454314157,0.04873450859069591,1.8669355939273555,0.058939621458613714,2.5859837652004067,0.07841498491837579,0.0005628503690744542,1.0
21.0,GNN-CORO,16.092988754794074,0.39740003758898623,13.751068879142938,0.1722494498385394,4.554939281833098,0.18115028330330482,16.092988754794074,0.39740003758898623,0.33784678671741064,0.0
22.0,ZNN-CORO,0.11698889842388437,0.00863754785894773,0.20395020495218277,0.008950196401724135,0.49679780697984427,0.003095839503966579,0.49679780697984427,0.008950196401724135,0.0004143058232940572,1.0
22.0,GNN-CORO,1.5376466859370284,0.23701046011639823,9.059742820986653,0.457822149660675,13.1430029035756,0.3789448450867367,13.1430029035756,0.457822149660675,0.5135229206629828,0.0
23.0,ZNN-CORO,0.4939581948372683,0.04267334185829132,0.19207994826839248,0.030572144281890427,0.2675063640949165,0.015094557249276061,0.4939581948372683,0.04267334185829132,0.0006294936504523676,1.0
23.0,GNN-CORO,5.812790369750674,0.32741887418120624,3.968627281761148,0.33708075897748835,10.543444820945442,0.24188609703317215,10.543444820945442,0.33708075897748835,0.2797811102254252,0.0
24.0,ZNN-CORO,1.930218548061274,0.02659618417859819,0.9032281035517624,0.023292671777274745,1.2151089697038562,0.024023672535166605,1.930218548061274,0.02659618417859819,0.0006420157686217749,1.0
24.0,GNN-CORO,15.509633909449537,0.24976150308805184,11.898718217920944,0.4018898983906125,9.889093583814793,0.1176484447211707,15.509633909449537,0.4018898983906125,0.2725733331461999,0.0
25.0,ZNN-CORO,1.0320239299551104,0.04283880320363737,0.48298561966934983,0.017460171055191067,1.4588051055243798,0.028723286532890576,1.4588051055243798,0.04283880320363737,0.001044063221717427,1.0
25.0,GNN-CORO,15.46346392290782,0.2263248082240754,2.389040453093205,0.16958699022009396,4.937378695493023,0.2819275791325359,15.46346392290782,0.2819275791325359,0.18003577221058395,0.0
26.0,ZNN-CORO,0.9604686712239273,0.03304526763560691,0.4752175980235163,0.03649083884508691,0.5285239939778246,0.016197241781016322,0.9604686712239273,0.03649083884508691,0.0008007625982720207,1.0
26.0,GNN-CORO,2.6086240649168535,0.266744915271807,5.4019985637668135,0.28383943592852945,6.668086080593881,0.1648319050628638,6.668086080593881,0.28383943592852945,0.15019582176050622,0.0
27.0,ZNN-CORO,0.5546062426790691,0.011662455199031242,0.5654238132051437,0.00791194223270477,0.6981640409340881,0.017950456806159847,0.6981640409340881,0.017950456806159847,0.0004907194598992881,1.0
27.0,GNN-CORO,16.201225534187767,0.36780634659611067,5.45169808610865,0.1942535326777571,10.612501158246681,0.20142071649651305,16.201225534187767,0.36780634659611067,0.5321435437536214,0.0
28.0,ZNN-CORO,0.7078183715574381,0.024521378106329313,0.6259960522463934,0.014627418369643111,0.6510473694137469,0.028661914368214123,0.7078183715574381,0.028661914368214123,0.0007071905519820343,1.0
28.0,GNN-CORO,12.246893191337119,0.19193963448803003,5.90333479142028,0.3597123202862425,6.4902986318879545,0.4384856121065061,12.246893191337119,0.4384856121065061,0.41251476089244943,0.0
29.0,ZNN-CORO,0.4384530558197494,0.033184739891340964,0.47880989563886206,0.0241103985951907,0.2938578437185378,0.018255363515110274,0.47880989563886206,0.033184739891340964,0.00058991778490836,1.0
29.0,GNN-CORO,14.278414112490548,0.12297819238075605,4.6745436859021,0.20988530079070059,3.297598046908924,0.24585423781984433,14.278414112490548,0.24585423781984433,0.17138285647770518,0.0
30.0,ZNN-CORO,0.8570890654931269,0.00902794133281158,0.39284493013994914,0.021471285825564315,0.9198073916305727,0.013542312757641358,0.9198073916305727,0.021471285825564315,0.000489665791509271,1.0
30.0,GNN-CORO,17.506771812981434,0.30583369333428945,13.22428551069701,0.2424229468687174,13.908672420042263,0.12968026602520952,17.506771812981434,0.30583369333428945,0.3077262698481721,0.0
31.0,ZNN-CORO,0.8849981702043636,0.035393690697000255,0.28333725212493105,0.014418107412902082,0.6405063059824335,0.02563429281625684,0.8849981702043636,0.035393690697000255,0.0004967633417345552,1.0
31.0,GNN-CORO,16.695783208809534,0.34089881254370974,1.1623811563391528,0.11948503974557989,10.990452318915523,0.25293313391219624,16.695783208809534,0.34089881254370974,0.13876225472603265,0.0
32.0,ZNN-CORO,0.494948779760597,0.06208326542921925,0.7068056320857812,0.04223985942312188,0.40314916036207954,0.031825698818704166,0.7068056320857812,0.06208326542921925,0.0003607941102546809,1.0
32.0,GNN-CORO,2.3366963120414797,0.2461971603943961,14.335526657552844,0.473668269829421,5.958984065746122,0.28336686157410773,14.335526657552844,0.473668269829421,0.32274018782538205,0.0
33.0,ZNN-CORO,0.9912856436512001,0.02079486823158051,0.8696201461666849,0.006902728460160077,0.9904276509298414,0.011638930330455289,0.9912856436512001,0.02079486823158051,0.0008162850599060328,1.0
33.0,GNN-CORO,16.436028627163992,0.1593589644366152,19.78598006058026,0.34353095394041,11.040551133670194,0.2462191341723886,19.78598006058026,0.34353095394041,0.3152327367257859,0.0
34.0,ZNN-CORO,0.6014441577991391,0.014125004561206269,0.5833015780126973,0.014428680100470154,0.4454136945968286,0.016169914652387707,0.6014441577991391,0.016169914652387707,0.0003153807611760369,1.0
34.0,GNN-CORO,8.413030452745016,0.21545181545464087,16.499199613003647,0.34143089603778737,10.930485305457482,0.26999434107157616,16.499199613003647,0.34143089603778737,0.5430997142670164,0.0
35.0,ZNN-CORO,1.5167173040242294,0.026739615517566668,0.6833857341925539,0.023359144538808572,0.9226289854299605,0.009716284473758656,1.5167173040242294,0.026739615517566668,0.0004194666822884019,1.0
35.0,GNN-CORO,0.7840443763277004,0.38170427245351696,18.49399503498484,0.4198254442203883,15.985720007798522,0.11115849300322538,18.49399503498484,0.4198254442203883,0.31265973740456354,0.0
36.0,ZNN-CORO,0.7400514502410995,0.01912920851338545,0.6369254542907362,0.028910481633747362,0.4623630614634795,0.017616821648649632,0.7400514502410995,0.028910481633747362,0.0003684383980509288,1.0
36.0,GNN-CORO,7.274661688931627,0.08623689200654519,11.698638799815999,0.36418001400733474,15.44722488742422,0.20903369850055517,15.44722488742422,0.36418001400733474,0.2336913272507214,0.0
37.0,ZNN-CORO,1.2349528181506906,0.010589848865796538,0.7767048443964256,0.02452400588746131,0.5187783959999941,0.02284297079206373,1.2349528181506906,0.02452400588746131,0.00047199395473038273,1.0
37.0,GNN-CORO,13.28751455253427,0.22823195130614654,7.49514475122074,0.40847025295715456,16.30804597281268,0.5949405650945702,16.30804597281268,0.5949405650945702,0.516625019497619,0.0
38.0,ZNN-CORO,0.9483302219166077,0.00850716038996177,0.33429977158732876,0.005256568558304914,0.9660352336659893,0.008237549922286015,0.9660352336659893,0.00850716038996177,0.0004697563335200612,1.0
38.0,GNN-CORO,14.575809114608012,0.12483499321944351,13.582359280780464,0.13727240452450057,5.144854539764218,0.35896988246312383,14.575809114608012,0.35896988246312383,0.5588264849599281,0.0
39.0,ZNN-CORO,1.1241733151171738,0.029487907281316006,1.304224488563405,0.019624486747108986,0.2996989226572652,0.01985145407644067,1.304224488563405,0.029487907281316006,0.00027911072938350287,1.0
39.0,GNN-CORO,6.854250036350765,0.5429741148489723,1.579104559845607,0.4898156996066645,3.3605085060578515,0.18784444493019228,6.854250036350765,0.5429741148489723,0.1367792307616631,0.0
40.0,ZNN-CORO,0.42100351206855713,0.026215263558565488,0.5217328057208432,0.021619577646767286,0.3883640105006317,0.017761840128344947,0.5217328057208432,0.026215263558565488,0.0005537243267535963,1.0
40.0,GNN-CORO,14.867374582132015,0.27973121125524897,4.98633591986227,0.2514146208953445,5.487678829518933,0.2849205563235731,14.867374582132015,0.2849205563235731,0.13430488612242575,0.0
41.0,ZNN-CORO,0.8819045576064607,0.037898585763238665,0.9365323840555166,0.0353184403928494,0.3450077296976107,0.01785846627532561,0.9365323840555166,0.037898585763238665,0.00038664098669495485,1.0
41.0,GNN-CORO,12.727436279673945,0.435676536881457,1.5210034388768248,0.3113204010080812,11.816564035096885,0.30690493818382536,12.727436279673945,0.435676536881457,0.5762925550425938,0.0
42.0,ZNN-CORO,0.482117385212752,0.012475323443694139,0.7877364206543386,0.01661471313204105,0.5168817466641223,0.010037136636414173,0.7877364206543386,0.01661471313204105,0.0006097482703827829,1.0
42.0,GNN-CORO,7.796411301193181,0.3627519189569652,14.100700511142582,0.2150266217486579,15.03991437807189,0.39259971280830436,15.03991437807189,0.39259971280830436,0.4680042933593236,0.0
43.0,ZNN-CORO,0.6452168685405327,0.024548408963838114,0.4239087715675613,0.018497195799967954,0.44260211333780125,0.017802448737634816,0.6452168685405327,0.024548408963838114,0.0007868448149722018,1.0
43.0,GNN-CORO,5.416038720296388,0.4288508505291467,11.626337256025494,0.21131980277950763,1.31595952152904,0.2800702833467879,11.626337256025494,0.4288508505291467,0.3888733532162988,0.0
44.0,ZNN-CORO,0.7997611002692205,0.021137147927139187,0.3567166758739286,0.007314597773654688,0.6088073034138517,0.017366318374118096,0.7997611002692205,0.021137147927139187,0.00047992632009973815,1.0
44.0,GNN-CORO,3.655387450131095,0.2086673198494393,6.398986947550192,0.22927943796874634,9.519546619778309,0.23548760693720408,9.519546619778309,0.23548760693720408,0.10812865200046476,0.0
45.0,ZNN-CORO,0.347415443659471,0.005293374523156112,0.5234351694833621,0.008629446232995207,0.5554366025018354,0.008041153801920596,0.5554366025018354,0.008629446232995207,0.00021985909783835594,1.0
45.0,GNN-CORO,0.6361989729702406,0.10614382331287864,2.5636892630176917,0.7385464486908659,1.4693353651548615,0.1897380988715279,2.5636892630176917,0.7385464486908659,0.5801632261821263,1.0
46.0,ZNN-CORO,1.0320148621442964,0.023415938209611405,0.8498321898419348,0.010031549143661037,1.3425855905884247,0.012865895542674779,1.3425855905884247,0.023415938209611405,0.000584492249451429,1.0
46.0,GNN-CORO,0.17603924537810958,0.12227303244386395,11.180172096053253,0.31323392268057876,9.790621037049798,0.5106725913953676,11.180172096053253,0.5106725913953676,0.20764972550848954,0.0
47.0,ZNN-CORO,0.4183188677350411,0.008726720345328077,0.671840325963112,0.012619706971924426,0.7770941116958529,0.010114696912635402,0.7770941116958529,0.012619706971924426,0.0005253183773264001,1.0
47.0,GNN-CORO,7.565034084694408,0.3182805459766139,14.349060810529975,0.29100994967310134,12.156795210888873,0.2819335648852531,14.349060810529975,0.3182805459766139,0.24942089806551979,0.0
48.0,ZNN-CORO,0.5757065538421148,0.0176026735705573,0.3639171155638141,0.0208541822350088,0.23437201785188255,0.02227405755698237,0.5757065538421148,0.02227405755698237,0.0006915016867047918,1.0
48.0,GNN-CORO,5.85292523004021,0.26384730025251235,10.562229532181883,0.36158067961998713,6.618951465184257,0.30944342381295153,10.562229532181883,0.36158067961998713,0.1918369520742952,0.0
49.0,ZNN-CORO,1.3042216769294195,0.033784194335482375,0.9226832787462741,0.027954661385929575,0.3748911313708976,0.009152748263785522,1.3042216769294195,0.033784194335482375,0.00037596797080754964,1.0
49.0,GNN-CORO,11.330663282778767,0.10210075651156686,3.4873518881895755,0.20118951319396094,16.447321801900717,0.19473510510503178,16.447321801900717,0.20118951319396094,0.18014782687001626,0.0
50.0,ZNN-CORO,1.0246483862816766,0.007698849966946114,0.44253857779192896,0.004080514427069007,1.0821091510191359,0.010093960403174973,1.0821091510191359,0.010093960403174973,0.0006190959191493765,1.0
50.0,GNN-CORO,7.228606178166954,0.4223831162864093,16.67627892346288,0.2164133048818515,6.649697496758302,0.09460697998859698,16.67627892346288,0.4223831162864093,0.2288444525569262,0.0
51.0,ZNN-CORO,0.26744303763108307,0.0423835654413145,0.4101047278981906,0.02251200014225686,0.4621295638133216,0.016678801192113818,0.4621295638133216,0.0423835654413145,0.00031216711172865185,1.0
51.0,GNN-CORO,9.070975460866082,0.3751194961861326,7.7338168048148725,0.18883235442869048,3.1298947981606005,0.1299265066959209,9.070975460866082,0.3751194961861326,0.14023553441034553,0.0
52.0,ZNN-CORO,1.1512196698406607,0.018014308040367185,0.9335275035677176,0.02506783685382398,0.3702858456370024,0.011848845043091952,1.1512196698406607,0.02506783685382398,0.0008188344609856733,1.0
52.0,GNN-CORO,9.825683282824532,0.15336278870199702,5.25146065357557,0.3085785437138269,16.111473986346134,0.5192282718552153,16.111473986346134,0.5192282718552153,0.37526604604241653,0.0
53.0,ZNN-CORO,0.5850603859750988,0.021974625300722014,0.7482276068166537,0.013869359712596948,0.4383322663208416,0.020514091197303914,0.7482276068166537,0.021974625300722014,0.00025192258531603465,1.0
53.0,GNN-CORO,14.857299334246239,0.15053695269671266,1.8552522855939968,0.17284882619820696,11.643495281107347,0.2379988750582273,14.857299334246239,0.2379988750582273,0.15697367653663924,0.0
54.0,ZNN-CORO,0.8955547639488272,0.010560218078391305,0.2780939336054954,0.00841217549384649,0.943228737363786,0.01994667852475734,0.943228737363786,0.01994667852475734,0.0004645597745719068,1.0
54.0,GNN-CORO,10.139030339620017,0.09913130936105564,10.029007065384295,0.2055725305733838,6.2091086204335575,0.2255357256851441,10.139030339620017,0.2255357256851441,0.1699097354391567,0.0
55.0,ZNN-CORO,0.8020201229755454,0.038698459255064356,0.2094281459444555,0.0304805601470966,0.8254759693115558,0.029146909747321863,0.8254759693115558,0.038698459255064356,0.0007454383935601468,1.0
55.0,GNN-CORO,9.271947699156659,0.23535823036361295,4.320515859366482,0.12671268399051092,10.217416566253677,0.19465415765425345,10.217416566253677,0.23535823036361295,0.3905058245513551,0.0
56.0,ZNN-CORO,0.9178223044564208,0.02576804546221422,0.696401865393033,0.031643414808542096,0.4338788729466723,0.013785969090920731,0.9178223044564208,0.031643414808542096,0.0010848500173306344,1.0
56.0,GNN-CORO,6.376179146385294,0.22238558859510812,2.1640799553340067,0.42035209184852934,14.77767323609285,0.2855375170594261,14.77767323609285,0.42035209184852934,0.578310175430782,0.0
57.0,ZNN-CORO,2.055893755812748,0.01967542799135087,0.5665460105576176,0.011770532446511847,1.5211544757816389,0.021503543122518176,2.055893755812748,0.021503543122518176,0.0005214692870126003,1.0
57.0,GNN-CORO,16.44252261549116,0.25635867997797906,6.193598622576279,0.515866607261618,8.894674639401275,0.3747165955274124,16.44252261549116,0.515866607261618,0.6767186196913881,0.0
58.0,ZNN-CORO,0.3353164343398457,0.03245559146257598,0.19916363594446548,0.01259548293689899,0.553679569449846,0.031606530838954004,0.553679569449846,0.03245559146257598,0.0004764499005536619,1.0
58.0,GNN-CORO,8.186881910899052,0.1934127729380631,8.35490523964893,0.19282988661384515,1.2647326081141523,0.35013762525897074,8.35490523964893,0.35013762525897074,0.11439199232052395,0.0
59.0,ZNN-CORO,1.3991830051746137,0.03231553293286865,0.3089853371591179,0.015588005245091092,1.2569495435350777,0.02677796043281106,1.3991830051746137,0.03231553293286865,0.0007159263837545945,1.0
59.0,GNN-CORO,7.918868587971643,0.41051940704735745,6.537753428153735,0.19417480758797548,6.926258603040248,0.23119088801852175,7.918868587971643,0.41051940704735745,0.16576221491130738,0.0
60.0,ZNN-CORO,0.400682391763936,0.01579065893523139,0.23094934033641792,0.013348278332790975,0.2519686848827076,0.014556278556449429,0.400682391763936,0.01579065893523139,0.0003326910651730025,1.0
60.0,GNN-CORO,13.583089959235602,0.21922277609095603,10.593328885631236,0.2778406554859759,6.683388994797129,0.20881229575611174,13.583089959235602,0.2778406554859759,0.5597265672703167,0.0
61.0,ZNN-CORO,0.7643329727654823,0.010581439314417983,0.6595274822192227,0.02750935987219778,0.7581622518954108,0.01938982894803062,0.7643329727654823,0.02750935987219778,0.0005401424560185903,1.0
61.0,GNN-CORO,13.530652417745562,0.4664176036531582,11.773898610334125,0.48843999320153775,5.450968593449265,0.34314918553855966,13.530652417745562,0.48843999320153775,0.5524403895100456,0.0
62.0,ZNN-CORO,0.8161440960905006,0.018273340114173236,0.3264197940277356,0.014894376502759706,0.5267380458066239,0.012306757616991288,0.8161440960905006,0.018273340114173236,0.0006685999334483306,1.0
62.0,GNN-CORO,8.355235840025705,0.40894558514209095,3.3735604502569565,0.27237061677601726,11.336989449459633,0.4280346996792094,11.336989449459633,0.4280346996792094,0.144825257089893,0.0
63.0,ZNN-CORO,0.7672395017680131,0.04622024580385176,0.8901392180509899,0.02929293116118675,0.41751202946115257,0.02655039152274527,0.8901392180509899,0.04622024580385176,0.0004816280891115455,1.0
63.0,GNN-CORO,3.2445531704752177,0.5128553949341629,12.603013034889162,0.26983285522418154,10.809124029851596,0.22989922704640273,12.603013034889162,0.5128553949341629,0.39642355430767934,0.0
64.0,ZNN-CORO,0.16689225961732176,0.031587069407068624,0.1774059982375649,0.015874263146799492,0.4919784486779509,0.032416633716734734,0.4919784486779509,0.032416633716734734,0.00040243814698136,1.0
64.0,GNN-CORO,7.15707400699144,0.2927268815494683,16.74332121788118,0.5574201403950353,8.725171344125718,0.20244412159298458,16.74332121788118,0.5574201403950353,0.3289826428280878,0.0
65.0,ZNN-CORO,0.9038424698430793,0.024116311779120957,0.9643590679083619,0.02164782476402683,0.3025045628703869,0.01715752357034586,0.9643590679083619,0.024116311779120957,0.00036732193692484564,1.0
65.0,GNN-CORO,6.222072501439299,0.12954851090789507,15.391379260847115,0.30400506939364724,9.707716777709297,0.21598216924481897,15.391379260847115,0.30400506939364724,0.3649679028986018,0.0
66.0,ZNN-CORO,0.4208651102215984,0.03904269661169876,0.23811445740932954,0.022210521624958287,0.7215004237849891,0.036683414626948095,0.7215004237849891,0.03904269661169876,0.0003996534785616651,1.0
66.0,GNN-CORO,7.480314309310816,0.3756945381020499,7.416889518236166,0.13421362648764767,5.117622297343247,0.22112307342229548,7.480314309310816,0.3756945381020499,0.20994971138741497,0.0
67.0,ZNN-CORO,1.2687282020326338,0.021510980147741963,0.6058096939899323,0.01543848146411755,0.41760052116665924,0.01819224459925272,1.2687282020326338,0.021510980147741963,0.0005533531104797772,1.0
67.0,GNN-CORO,9.479378333630617,0.28071366260796554,10.304415866174324,0.20938479510890032,12.998693086333093,0.28509559106735477,12.998693086333093,0.28509559106735477,0.12919796373639136,0.0
68.0,ZNN-CORO,0.7737908592957043,0.010488432264459944,0.43817309209725247,0.01048423662488629,0.6305021751277283,0.008032598543540576,0.7737908592957043,0.010488432264459944,0.0006320633202213989,1.0
68.0,GNN-CORO,11.67261958865634,0.21758368701072608,9.610378459379476,0.17971844907065407,16.557182166507374,0.2559057741202476,16.557182166507374,0.2559057741202476,0.24093458446654684,0.0
69.0,ZNN-CORO,1.002625055327323,0.05930343052551893,0.773370303188721,0.0487108490206565,0.7356816805554616,0.018993114792974046,1.002625055327323,0.05930343052551893,0.0007863972574003963,1.0
69.0,GNN-CORO,6.280246140477818,0.22614294426884868,7.0954413469197455,0.1371313229825145,1.0699405089668734,0.19104336269616243,7.0954413469197455,0.22614294426884868,0.2141685049423157,0.0
70.0,ZNN-CORO,0.9794476365044653,0.06763740772205004,0.46056480046980847,0.029329442167396032,0.6666171762098512,0.0448944507634019,0.9794476365044653,0.06763740772205004,0.000568665220840065,1.0
70.0,GNN-CORO,10.864351887888004,0.5064749708842694,6.037852475513615,0.31608549226823457,14.20822694463782,0.2001812534176464,14.20822694463782,0.5064749708842694,0.17152366788406678,0.0
71.0,ZNN-CORO,0.7545214865774483,0.020614469975537487,0.4409554182133599,0.018117549828695595,0.5699197690538013,0.006422429686324956,0.7545214865774483,0.020614469975537487,0.0002710257014865691,1.0
71.0,GNN-CORO,4.6158722487030355,0.25821961390205633,16.07040185848075,0.2132285370552431,8.61689600886015,0.2948000648045936,16.07040185848075,0.2948000648045936,0.2644765531228744,0.0
72.0,ZNN-CORO,0.7554793406861109,0.016773841377168162,0.5891385623149087,0.005904965779032737,0.5515579493795879,0.009249854587222559,0.7554793406861109,0.016773841377168162,0.00036945882373052164,1.0
72.0,GNN-CORO,1.306021693404145,0.27948171659748605,0.9799800360102454,0.23856627560683324,1.8017694939081115,0.3178360462695037,1.8017694939081115,0.3178360462695037,0.10584452342864739,1.0
73.0,ZNN-CORO,0.6989435802248279,0.008839018803610864,0.549415239615817,0.013501829384415106,0.3614893337358461,0.01434272486099057,0.6989435802248279,0.01434272486099057,0.0004016068594029081,1.0
73.0,GNN-CORO,3.849049495793399,0.30360511168531473,8.353688035452157,0.3059416347848714,4.538892057284632,0.06704308934681084,8.353688035452157,0.3059416347848714,0.14116423257046376,0.0
74.0,ZNN-CORO,0.7473733198997492,0.02213329704382101,0.3199945794375863,0.01482870169884004,0.2640905470280098,0.007838020218028001,0.7473733198997492,0.02213329704382101,0.000358947076841404,1.0
74.0,GNN-CORO,3.703073600466494,0.19502769836454928,6.746913861537286,0.3004360697812287,4.2163823156628615,0.37683263771390113,6.746913861537286,0.37683263771390113,0.11849254160368136,0.0
75.0,ZNN-CORO,1.0791965359900486,0.05369962373454741,0.971822018439859,0.0528164881746032,0.6500269296268711,0.02796123451993589,1.0791965359900486,0.05369962373454741,0.000832474891311194,1.0
75.0,GNN-CORO,11.530841045914697,0.2654393297356374,2.29555780443084,0.3478082757549224,1.8610321878576008,0.1263851105665304,11.530841045914697,0.3478082757549224,0.15409545635876903,0.0
76.0,ZNN-CORO,0.7702762089853553,0.02096958029968947,0.5892713326694851,0.013982743832181026,0.4598574857478503,0.03017678291640015,0.7702762089853553,0.03017678291640015,0.0005450820461366617,1.0
76.0,GNN-CORO,9.961248061037264,0.2728467890949858,4.96082605845024,0.19549247724020574,2.2225923461682995,0.3616675431404069,9.961248061037264,0.3616675431404069,0.28110797131012133,0.0
77.0,ZNN-CORO,0.2092406449386849,0.01270308089845695,0.27342732454295665,0.00901954164850864,0.2561601926712951,0.0192620197130686,0.27342732454295665,0.0192620197130686,0.000447949392166088,1.0
77.0,GNN-CORO,16.071628423431385,0.1398267298709729,1.4928558669048655,0.29515152183645266,4.404928808530322,0.3397863492996992,16.071628423431385,0.3397863492996992,0.17615031144763552,0.0
78.0,ZNN-CORO,0.39187341769850614,0.028845053093263337,0.6485916870850855,0.016190257712255976,0.6580375657074212,0.022613854208451963,0.6580375657074212,0.028845053093263337,0.00034353337839022836,1.0
78.0,GNN-CORO,15.618185707993595,0.47310759452092277,2.4514337081645454,0.3116907931046676,11.89668075926721,0.3111194585176751,15.618185707993595,0.47310759452092277,0.3036159470755774,0.0
79.0,ZNN-CORO,0.4488307610817674,0.00867084258804564,0.5309664291506269,0.00476765657492431,0.3579783120695478,0.01162674304866568,0.5309664291506269,0.01162674304866568,0.0003312245031742028,1.0
79.0,GNN-CORO,3.8885802979935806,0.15750818314389842,13.464625150080296,0.1084019633803721,1.1574401443218398,0.21426281695605817,13.464625150080296,0.21426281695605817,0.1854227834240449,0.0
80.0,ZNN-CORO,0.653862669432286,0.020253981911202687,0.5404954121051132,0.017703498352604617,0.36882164335596285,0.012228650075210512,0.653862669432286,0.020253981911202687,0.00030093282234998147,1.0
80.0,GNN-CORO,15.379099075394763,0.1980627330383252,9.487962817810265,0.33691904999257677,6.530690601506704,0.40708808433765614,15.379099075394763,0.40708808433765614,0.24628098431919448,0.0
81.0,ZNN-CORO,0.5741543072193248,0.01903701125634956,0.5127900060136813,0.013668896568172434,0.694091613007789,0.027275726874991944,0.694091613007789,0.027275726874991944,0.00031237794490407693,1.0
81.0,GNN-CORO,11.861939236031034,0.24168547885152147,8.357365765932355,0.3298512261642177,3.0047286912022764,0.22496876076710165,11.861939236031034,0.3298512261642177,0.12157219160209078,0.0
82.0,ZNN-CORO,1.1217205757033326,0.04542784286518976,0.5604303791378942,0.029395783938372236,0.9467314106999909,0.030960766331644282,1.1217205757033326,0.04542784286518976,0.0004948324534674647,1.0
82.0,GNN-CORO,10.512938767723925,0.2911577089136652,1.0104384115040712,0.37912552439104674,11.743341073855333,0.2552869678968393,11.743341073855333,0.37912552439104674,0.16422517405760223,0.0
83.0,ZNN-CORO,0.7497433399692665,0.009121625629480996,0.36375657973193587,0.015143142050302177,0.3501104811240213,0.0225449522855282,0.7497433399692665,0.0225449522855282,0.0006187088347743713,1.0
83.0,GNN-CORO,18.074455546771254,0.0633294677966789,15.875518509735342,0.2371524969484786,13.830812151323324,0.44247002867393215,18.074455546771254,0.44247002867393215,0.2667016270654195,0.0
84.0,ZNN-CORO,0.3828069002996165,0.029251286990108077,0.2764722094770604,0.02103268739594137,0.5098747795250312,0.020904241645729044,0.5098747795250312,0.029251286990108077,0.00034602728558160215,1.0
84.0,GNN-CORO,2.402779172280469,0.3514998237045704,9.916862850412121,0.20812026789292742,7.64424593550463,0.12800738156792799,9.916862850412121,0.3514998237045704,0.39048363277219306,0.0
85.0,ZNN-CORO,0.5474663147593898,0.025202286260648674,0.16786395520096462,0.01523938618967075,0.9038499803664799,0.010135627737460233,0.9038499803664799,0.025202286260648674,0.0011779113792854232,1.0
85.0,GNN-CORO,10.01153492021381,0.4184428440502664,6.593447268095528,0.262772021820646,2.68899696880401,0.5146272669271088,10.01153492021381,0.5146272669271088,0.27992914351490295,0.0
86.0,ZNN-CORO,0.5834876295382879,0.012037850715144266,0.3689241021643913,0.009960175750333028,0.28584850748340507,0.009927840568773518,0.5834876295382879,0.012037850715144266,0.0006435463000667811,1.0
86.0,GNN-CORO,12.97618252099196,0.085001137465733,8.480079784918873,0.16675008807725714,11.48484279451129,0.08913504738815899,12.97618252099196,0.16675008807725714,0.10600969657446457,0.0
87.0,ZNN-CORO,0.8672531279541448,0.022314081597837893,0.8502130553870106,0.03621501621244491,0.6444065414522989,0.018180197778738794,0.8672531279541448,0.03621501621244491,0.00034881587893425176,1.0
87.0,GNN-CORO,1.131290331652105,0.03820834323413115,13.95515666369704,0.3357223377224789,7.885724408606672,0.27250489138606593,13.95515666369704,0.3357223377224789,0.2493292697338507,0.0
88.0,ZNN-CORO,1.0462883361718103,0.020391399041821256,0.3538667183380892,0.0280410887746372,0.7499215028691048,0.02658843781773761,1.0462883361718103,0.0280410887746372,0.00041199282370408803,1.0
88.0,GNN-CORO,6.251460619912244,0.40159080597597596,7.752346083008918,0.3826578559865277,12.510745772167414,0.3627647275179229,12.510745772167414,0.40159080597597596,0.23308865453969427,0.0
89.0,ZNN-CORO,0.848459857429456,0.017193505577635212,0.6782348903590723,0.013191716304190861,1.2077657207914367,0.008354449318983085,1.2077657207914367,0.017193505577635212,0.0005501505065760938,1.0
89.0,GNN-CORO,10.635665706742175,0.5194038418245759,15.60867350541559,0.3209518278980327,3.6808324429396952,0.25640627976504393,15.60867350541559,0.5194038418245759,0.6679713616078389,0.0
90.0,ZNN-CORO,1.0766350457729654,0.009006342752486404,0.8970044057330278,0.008883726841183503,0.2918038683887087,0.0069283003282154774,1.0766350457729654,0.009006342752486404,0.00037354669797984107,1.0
90.0,GNN-CORO,2.024920060082102,0.28562501565918524,3.4412393298765953,0.16169778050547987,9.028646946408891,0.2722379692915972,9.028646946408891,0.28562501565918524,0.2561707474018837,0.0
91.0,ZNN-CORO,1.5180283321196886,0.026318201148678447,0.7776731037720535,0.007469879986641042,0.5735972234207701,0.012684132529893163,1.5180283321196886,0.026318201148678447,0.0004718844293175753,1.0
91.0,GNN-CORO,11.850063660626176,0.2799316574784816,2.4218719711602685,0.2889636216417512,7.9852164879892635,0.33153753042672046,11.850063660626176,0.33153753042672046,0.21726523723336236,0.0
92.0,ZNN-CORO,0.9671339136250138,0.008954836680296034,0.24590243033279732,0.016969960779630252,0.5902025826457691,0.02387543498467495,0.9671339136250138,0.02387543498467495,0.0003433485316740657,1.0
92.0,GNN-CORO,14.256842396955502,0.44740114706001954,14.230853352877547,0.17484174608076317,4.771195497792077,0.13477136506117013,14.256842396955502,0.44740114706001954,0.5992130845946153,0.0
93.0,ZNN-CORO,0.6730789844139866,0.036369891490667786,0.30599428811527585,0.027951876500032384,0.4983390790888962,0.019331078049874727,0.6730789844139866,0.036369891490667786,0.00045147217302280704,1.0
93.0,GNN-CORO,4.76202725515205,0.19702441670756354,11.155693069082828,0.3858312956498281,11.758617468596922,0.23843184268378254,11.758617468596922,0.3858312956498281,0.2774937478739681,0.0
94.0,ZNN-CORO,0.7369099915864893,0.02610674814042337,0.6699278102659013,0.025129793515536916,0.30654120988596056,0.015587115887923705,0.7369099915864893,0.02610674814042337,0.00026241368584125035,1.0
94.0,GNN-CORO,1.091337032399229,0.1017365051211608,5.770822024914104,0.12707077989843307,14.4589616885717,0.13211005703380183,14.4589616885717,0.13211005703380183,0.12314955073981938,0.0
95.0,ZNN-CORO,0.5601465284338879,0.02278447181133751,0.1515926536640374,0.03669217983964843,0.8747256839811386,0.025460731893976647,0.8747256839811386,0.03669217983964843,0.0005351654758189988,1.0
95.0,GNN-CORO,17.50890947725427,0.2023526796385991,2.4635580343544814,0.12124119959879165,8.441960362728551,0.26604192956461753,17.50890947725427,0.26604192956461753,0.17099139215448256,0.0
96.0,ZNN-CORO,0.6738127351592091,0.028581051343361936,0.18322153790077064,0.029562645446409665,0.8302412332710671,0.029563363258953115,0.8302412332710671,0.029563363258953115,0.0005423714923733117,1.0
96.0,GNN-CORO,14.514587758187208,0.30250387779458665,9.787509396358391,0.3102543094326888,10.973353787869815,0.15027839848703822,14.514587758187208,0.3102543094326888,0.21925074350338022,0.0
97.0,ZNN-CORO,0.8102179451267629,0.02512899098628685,0.3666223797233585,0.019119943954025137,0.5501722098255342,0.015441871906043588,0.8102179451267629,0.02512899098628685,0.00052842759092323,1.0
97.0,GNN-CORO,12.290546769605196,0.26983047217519335,4.892998804263153,0.1812315445827948,14.042742081197526,0.04688779788315893,14.042742081197526,0.26983047217519335,0.22666698101781277,0.0
98.0,ZNN-CORO,1.647820108557635,0.04204570386854503,0.3420453743150661,0.01939198563939858,1.4852137382208122,0.031467177014178754,1.647820108557635,0.04204570386854503,0.0006162692519470735,1.0
98.0,GNN-CORO,7.805021091750444,0.1559613730286826,6.051197093672881,0.12383972604015198,3.502279142698536,0.3184218864645136,7.805021091750444,0.3184218864645136,0.05761627899876955,0.0
99.0,ZNN-CORO,0.5958187179206811,0.0330991768186038,0.44320270468236805,0.007735888263925022,0.7118934540883801,0.027552794947040066,0.7118934540883801,0.0330991768186038,0.0005060123499911892,1.0
99.0,GNN-CORO,4.179141815014322,0.4908738869373669,11.58349621189025,0.2498474205994463,14.593565886455243,0.23506654954650213,14.593565886455243,0.4908738869373669,0.4004182269670188,0.0
100.0,ZNN-CORO,0.6169951893034403,0.010641018337956547,0.3711529399020988,0.012443138928138446,0.41926368182288754,0.009167559800417748,0.6169951893034403,0.012443138928138446,0.00029265184327895274,1.0
100.0,GNN-CORO,3.4647325046132154,0.1803819443030288,2.3857295668802783,0.2706563313499913,16.201130679356865,0.09321066025640166,16.201130679356865,0.2706563313499913,0.29090547049244064,0.0
101.0,ZNN-CORO,1.0501553077840504,0.0237849636435252,0.746366403346985,0.018917595782234856,0.5274766027875918,0.016181532735416157,1.0501553077840504,0.0237849636435252,0.0005998684098831922,1.0
101.0,GNN-CORO,6.649530233313076,0.38923862468516673,15.222652686215735,0.28090559133313014,2.786599094730195,0.07095471398210913,15.222652686215735,0.38923862468516673,0.31109995907221033,0.0
102.0,ZNN-CORO,1.6878645367407346,0.04888911263781893,0.7364296710401697,0.059369487304879544,1.7805237215459164,0.015363463936537664,1.7805237215459164,0.059369487304879544,0.0006537553279522872,1.0
102.0,GNN-CORO,10.644382886444408,0.3105084123504483,8.394237691648325,0.3106330501724459,8.515140722887738,0.3257902333308419,10.644382886444408,0.3257902333308419,0.3895160672509842,0.0
103.0,ZNN-CORO,0.5837937121760858,0.007482404355056429,0.2929368023079944,0.006334512479815782,0.2921182982084425,0.003982051144168212,0.5837937121760858,0.007482404355056429,0.0005317812226182948,1.0
103.0,GNN-CORO,7.658421922181656,0.36920901803683465,8.84616278360488,0.19605187755318454,8.557285418229595,0.2397028496551178,8.84616278360488,0.36920901803683465,0.18115996052219954,0.0
104.0,ZNN-CORO,0.9097681665852784,0.02084922239647106,0.5919388739630109,0.006564643871951891,0.31608379565872674,0.014259020945620506,0.9097681665852784,0.02084922239647106,0.0005167155470932777,1.0
104.0,GNN-CORO,10.11805348400387,0.1858805822945985,4.788016776752629,0.3757592024103746,5.200730950198643,0.329778579457803,10.11805348400387,0.3757592024103746,0.3072851731651794,0.0
105.0,ZNN-CORO,0.3818424097530676,0.010055373394103305,0.4511801166127283,0.010626445605439266,0.28088782916881955,0.024800941669979377,0.4511801166127283,0.024800941669979377,0.0005063496970987764,1.0
105.0,GNN-CORO,4.711112251733796,0.3369940974906616,9.972377559931022,0.22797399266763035,13.803561497056407,0.49538753105982447,13.803561497056407,0.49538753105982447,0.4537175016280999,0.0
106.0,ZNN-CORO,0.21280143021507986,0.015237184865574103,0.23480701736538026,0.003930773012015673,0.12273872246538113,0.015407583041725726,0.23480701736538026,0.015407583041725726,0.00020627136977256582,1.0
106.0,GNN-CORO,13.902852401140867,0.15413220453886464,5.538402184778625,0.4260834617599332,16.239069579534615,0.20478550705685075,16.239069579534615,0.4260834617599332,0.29079386167380594,0.0
107.0,ZNN-CORO,1.7885327717852593,0.024207979167523565,1.0170771555935971,0.01526141354249313,0.7923463675638094,0.03581714789240806,1.7885327717852593,0.03581714789240806,0.0005856374486278204,1.0
107.0,GNN-CORO,14.273609905521585,0.3862885668548777,16.287994144581464,0.40303524054726625,9.099830138970539,0.3118933190960545,16.287994144581464,0.40303524054726625,0.22480117851168446,0.0
108.0,ZNN-CORO,1.3549317974397965,0.03320966204685582,0.7538719175648775,0.018892614523492134,0.8803823342157449,0.03335329813055611,1.3549317974397965,0.03335329813055611,0.0005505368107995046,1.0
108.0,GNN-CORO,2.5775749142346647,0.2926911947844214,9.717503320134782,0.38568673146697047,13.123865037207278,0.19854868686521154,13.123865037207278,0.38568673146697047,0.1526009185633589,0.0
109.0,ZNN-CORO,0.5678184088555354,0.021150414770580907,0.35591945683067944,0.009325046199193018,0.613896600422763,0.019329402950855397,0.613896600422763,0.021150414770580907,0.0008032269475454405,1.0
109.0,GNN-CORO,16.453473153350505,0.5583271001861958,11.348164640929989,0.2326440108526087,2.03179159625371,0.1441897508073725,16.453473153350505,0.5583271001861958,0.6751718252675751,0.0
110.0,ZNN-CORO,0.6527731758676119,0.014184936849920471,0.567100330828934,0.018379403165786828,0.5837035381708789,0.015549634389007883,0.6527731758676119,0.018379403165786828,0.0003992430762582346,1.0
110.0,GNN-CORO,15.956982874380348,0.38368728898047,5.420461957304013,0.4688096306058614,9.99269487039009,0.17867507964404933,15.956982874380348,0.4688096306058614,0.22396525055563915,0.0
111.0,ZNN-CORO,1.211601345040804,0.007498269247116297,0.9129113066025234,0.008284911124913476,0.22250626738361584,0.008733595954524404,1.211601345040804,0.008733595954524404,0.0005694785025726166,1.0
111.0,GNN-CORO,9.970356236291213,0.15014881900169075,4.379917344778989,0.2804689268904853,6.142942283634423,0.294549432448427,9.970356236291213,0.294549432448427,0.17255327127965983,0.0
112.0,ZNN-CORO,1.025315002091651,0.019801862905657608,0.5201908665887529,0.008466786394582463,0.34833428927351656,0.017709081349324887,1.025315002091651,0.019801862905657608,0.0006062664127507791,1.0
112.0,GNN-CORO,10.095921724389054,0.4592012521709634,10.357810009282888,0.16728316150477865,14.558052429376664,0.16216843003366851,14.558052429376664,0.4592012521709634,0.35601728323651516,0.0
113.0,ZNN-CORO,1.6675405925342843,0.044048367158519626,1.1150091931377746,0.02779894108800113,1.4790645906854072,0.026708938000279292,1.6675405925342843,0.044048367158519626,0.0004923773309373362,1.0
113.0,GNN-CORO,3.972949296356864,0.22658491713939086,4.299973931458474,0.42567634642179325,15.32367225493797,0.195278222415654,15.32367225493797,0.42567634642179325,0.4325862513857791,0.0
114.0,ZNN-CORO,0.638524224337205,0.010466564126625687,0.3968835420396915,0.008295271348388387,0.5455036728599091,0.013037918900233463,0.638524224337205,0.013037918900233463,0.0005220997823490522,1.0
114.0,GNN-CORO,15.820705898579233,0.4052978185582426,3.0557820051547524,0.08206412263969955,7.601657022005268,0.480683628820261,15.820705898579233,0.480683628820261,0.3564270443062699,0.0
115.0,ZNN-CORO,0.5355924082353808,0.004654076586263932,0.6692023392410502,0.01144022853199166,0.20904872499800642,0.012050039084643523,0.6692023392410502,0.012050039084643523,0.00027965262563063267,1.0
115.0,GNN-CORO,8.768620682509743,0.33818994816721315,16.730941793546748,0.3695203908951381,9.221620418530305,0.3847855252169995,16.730941793546748,0.3847855252169995,0.3549286251167034,0.0
116.0,ZNN-CORO,0.3028229032211393,0.02042909752604018,0.3768546837977771,0.006171814418821482,0.2066683095929668,0.015978743664418562,0.3768546837977771,0.02042909752604018,0.00042763733181198097,1.0
116.0,GNN-CORO,10.506868474882728,0.3946716773739085,1.7369150583145643,0.4444144453089987,4.075561786352384,0.48527122635042563,10.506868474882728,0.48527122635042563,0.22508925239449004,0.0
117.0,ZNN-CORO,0.9894782590149515,0.0127656389221122,0.6437987371708861,0.017455877837145868,0.3738197467524104,0.007638726519089214,0.9894782590149515,0.017455877837145868,0.0006385388141175929,1.0
117.0,GNN-CORO,9.780129120821908,0.2386063902046158,8.923339326254066,0.09469267182381613,1.6613134018717306,0.07991957459232654,9.780129120821908,0.2386063902046158,0.13265575398012808,0.0
118.0,ZNN-CORO,1.0346614882085525,0.023418229697508546,0.4662202926619144,0.009732955662764848,0.6574915580410083,0.011694418108279777,1.0346614882085525,0.023418229697508546,0.0004189520757423687,1.0
118.0,GNN-CORO,14.981412024431448,0.277544145588068,7.557440868089672,0.2608886447238604,11.638334396139472,0.39838743166947665,14.981412024431448,0.39838743166947665,0.39677888902027636,0.0
119.0,ZNN-CORO,1.0256138576836558,0.03455764386636564,0.4058403027674132,0.01925684462798329,0.7238524500164649,0.027060775227525407,1.0256138576836558,0.03455764386636564,0.0006402035840945378,1.0
119.0,GNN-CORO,12.516785021306381,0.28740780614857514,7.643222447806144,0.3034931935656257,8.605049504243803,0.2557661689018624,12.516785021306381,0.3034931935656257,0.3423195310417494,0.0
