trial,method,rotation_error_x_deg,translation_error_x,worst_rotation_error_deg,worst_translation_error,final_loss,success_rot_le_5deg
0.0,ZNN-CORO,0.5659259441100414,0.010449972938129168,0.5659259441100414,0.010449972938129168,0.0004423957898641603,1.0
0.0,GNN-CORO,15.072905831917579,0.2763028171735808,15.072905831917579,0.2763028171735808,0.06970601512121262,0.0
1.0,ZNN-CORO,0.4781637471772942,0.016563506279188896,0.4781637471772942,0.016563506279188896,0.0004882476111518496,1.0
1.0,GNN-CORO,6.314128829331162,0.2736854262765072,6.314128829331162,0.2736854262765072,0.047511137863885076,0.0
2.0,ZNN-CORO,0.42218122422912246,0.01394066403162635,0.42218122422912246,0.01394066403162635,0.00018291001979450867,1.0
2.0,GNN-CORO,0.5550493279440599,0.35502667116326175,0.5550493279440599,0.35502667116326175,0.02975617287279816,1.0
3.0,ZNN-CORO,0.7311439765255937,0.004391033166832914,0.7311439765255937,0.004391033166832914,0.0005212842570410824,1.0
3.0,GNN-CORO,11.199125451598507,0.41552416462703273,11.199125451598507,0.41552416462703273,0.09452185368826087,0.0
4.0,ZNN-CORO,0.4520785334558343,0.025382316443252655,0.4520785334558343,0.025382316443252655,0.0006637829989050047,1.0
4.0,GNN-CORO,16.940093862613033,0.295908221488528,16.940093862613033,0.295908221488528,0.0569862612419336,0.0
5.0,ZNN-CORO,0.3894379120873832,0.006927392342891454,0.3894379120873832,0.006927392342891454,0.0004462040246164219,1.0
5.0,GNN-CORO,12.042181463640599,0.47439269306816156,12.042181463640599,0.47439269306816156,0.11158550311304995,0.0
6.0,ZNN-CORO,0.4341263164745727,0.009288761702269579,0.4341263164745727,0.009288761702269579,0.0003151872083023589,1.0
6.0,GNN-CORO,9.09521876644432,0.10103946955391231,9.09521876644432,0.10103946955391231,0.017403176704685084,0.0
7.0,ZNN-CORO,0.2161868979628066,0.010106542212527837,0.2161868979628066,0.010106542212527837,0.0004991811504934443,1.0
7.0,GNN-CORO,12.882317138332153,0.37399580266568344,12.882317138332153,0.37399580266568344,0.03905893184240481,0.0
8.0,ZNN-CORO,0.2611953336237531,0.010906099859817147,0.2611953336237531,0.010906099859817147,0.00027615690298725355,1.0
8.0,GNN-CORO,13.92789795602932,0.10819099043612351,13.92789795602932,0.10819099043612351,0.05331747942855778,0.0
9.0,ZNN-CORO,0.3514442106554368,0.011141731192361443,0.3514442106554368,0.011141731192361443,0.00020774363318693188,1.0
9.0,GNN-CORO,1.2281637771740155,0.26276518343065236,1.2281637771740155,0.26276518343065236,0.012954057692882699,1.0
10.0,ZNN-CORO,0.7292290049676333,0.02316648372690609,0.7292290049676333,0.02316648372690609,0.0003572453800749606,1.0
10.0,GNN-CORO,18.109561845519224,0.220350541401697,18.109561845519224,0.220350541401697,0.07881005527635679,0.0
11.0,ZNN-CORO,0.8273859989686726,0.05213094327120817,0.8273859989686726,0.05213094327120817,0.00046401049046735477,1.0
11.0,GNN-CORO,13.006969341482899,0.23438091469989153,13.006969341482899,0.23438091469989153,0.048992185953381756,0.0
12.0,ZNN-CORO,0.8314345651786318,0.013845729025711467,0.8314345651786318,0.013845729025711467,0.0003681773074501289,1.0
12.0,GNN-CORO,9.751724920981493,0.128847106802247,9.751724920981493,0.128847106802247,0.016817223120669286,0.0
13.0,ZNN-CORO,0.711632366329472,0.012546737703741638,0.711632366329472,0.012546737703741638,0.0003380701931345101,1.0
13.0,GNN-CORO,8.989751880964047,0.2603909940108061,8.989751880964047,0.2603909940108061,0.04048830933400924,0.0
14.0,ZNN-CORO,0.2645467631222481,0.018273436613614222,0.2645467631222481,0.018273436613614222,0.000517513966539851,1.0
14.0,GNN-CORO,7.190334791610167,0.2089005245067286,7.190334791610167,0.2089005245067286,0.027570376109861055,0.0
15.0,ZNN-CORO,0.342578685169587,0.011581100238431829,0.342578685169587,0.011581100238431829,0.00042637527434213717,1.0
15.0,GNN-CORO,0.8303492983246475,0.28454333980802893,0.8303492983246475,0.28454333980802893,0.025871393358334716,1.0
16.0,ZNN-CORO,0.6152357486370401,0.009933871872632932,0.6152357486370401,0.009933871872632932,0.00045682858344803923,1.0
16.0,GNN-CORO,11.126190880132683,0.14270475017347084,11.126190880132683,0.14270475017347084,0.04027300638136765,0.0
17.0,ZNN-CORO,0.31287522827362396,0.019679787884991688,0.31287522827362396,0.019679787884991688,0.00042986653496832186,1.0
17.0,GNN-CORO,10.19476606469801,0.5640521969951149,10.19476606469801,0.5640521969951149,0.028641507687872395,0.0
18.0,ZNN-CORO,0.2628193206381502,0.007496767543823823,0.2628193206381502,0.007496767543823823,0.0004000474145562641,1.0
18.0,GNN-CORO,12.719173878530526,0.2243680197665054,12.719173878530526,0.2243680197665054,0.05147741927188693,0.0
19.0,ZNN-CORO,0.39956280242370545,0.010671743762402848,0.39956280242370545,0.010671743762402848,0.0003433502458831828,1.0
19.0,GNN-CORO,8.782267950693798,0.3286868033102583,8.782267950693798,0.3286868033102583,0.0762352068580001,0.0
20.0,ZNN-CORO,0.28020029489577686,0.009620025920264381,0.28020029489577686,0.009620025920264381,0.00046732871712021405,1.0
20.0,GNN-CORO,4.7852286897918415,0.38417241684324044,4.7852286897918415,0.38417241684324044,0.0639522281589542,1.0
21.0,ZNN-CORO,0.5901771390410778,0.010282561793147363,0.5901771390410778,0.010282561793147363,0.0002952532575139976,1.0
21.0,GNN-CORO,14.52680043097991,0.42855388444570797,14.52680043097991,0.42855388444570797,0.06488937700620302,0.0
22.0,ZNN-CORO,0.8280326177978006,0.016570770349842313,0.8280326177978006,0.016570770349842313,0.0005572140098241629,1.0
22.0,GNN-CORO,1.5532258321939705,0.2818375022974129,1.5532258321939705,0.2818375022974129,0.017875004448053053,1.0
23.0,ZNN-CORO,0.4472891793180375,0.017159747199995436,0.4472891793180375,0.017159747199995436,0.0004935922739398368,1.0
23.0,GNN-CORO,9.024317942262961,0.052685429443559875,9.024317942262961,0.052685429443559875,0.014995053728023405,0.0
24.0,ZNN-CORO,0.26768249959060936,0.017166312421804223,0.26768249959060936,0.017166312421804223,0.00026782970725498133,1.0
24.0,GNN-CORO,12.831613043463937,0.21610240399817118,12.831613043463937,0.21610240399817118,0.047684593793255035,0.0
25.0,ZNN-CORO,1.316542174609344,0.026647467550020197,1.316542174609344,0.026647467550020197,0.0003940335427335538,1.0
25.0,GNN-CORO,6.28165951376519,0.3148411799219973,6.28165951376519,0.3148411799219973,0.026518835444705846,0.0
26.0,ZNN-CORO,0.5764054134515854,0.009372405673312626,0.5764054134515854,0.009372405673312626,0.0004479808343750491,1.0
26.0,GNN-CORO,1.2737673111871997,0.1750349614937734,1.2737673111871997,0.1750349614937734,0.008157464868233306,1.0
27.0,ZNN-CORO,0.48957625174358793,0.007433037659846379,0.48957625174358793,0.007433037659846379,0.00038707062321490237,1.0
27.0,GNN-CORO,12.107179098727563,0.04093080139850188,12.107179098727563,0.04093080139850188,0.053932275773688594,0.0
28.0,ZNN-CORO,0.6026018399978771,0.012568296907238425,0.6026018399978771,0.012568296907238425,0.0003544060998561589,1.0
28.0,GNN-CORO,9.22681533893789,0.211058535599338,9.22681533893789,0.211058535599338,0.019399051889235634,0.0
29.0,ZNN-CORO,0.05748979905300044,0.004704490191290313,0.05748979905300044,0.004704490191290313,0.00035772867452425527,1.0
29.0,GNN-CORO,3.8981508055124663,0.4134111341385748,3.8981508055124663,0.4134111341385748,0.04662675538985623,1.0
30.0,ZNN-CORO,0.3646842312581198,0.017495589606142125,0.3646842312581198,0.017495589606142125,0.0003992666702347402,1.0
30.0,GNN-CORO,7.396028958955961,0.28064223857402737,7.396028958955961,0.28064223857402737,0.019954176641814324,0.0
31.0,ZNN-CORO,0.7670038735451647,0.020399735832882755,0.7670038735451647,0.020399735832882755,0.0002826505115367314,1.0
31.0,GNN-CORO,13.617934208627021,0.36947160715139754,13.617934208627021,0.36947160715139754,0.03041709548539782,0.0
32.0,ZNN-CORO,0.3372724130447894,0.013187378656694922,0.3372724130447894,0.013187378656694922,0.00018653758791010262,1.0
32.0,GNN-CORO,11.105820179485963,0.7415591137589748,11.105820179485963,0.7415591137589748,0.14687956153115586,0.0
33.0,ZNN-CORO,0.9116308180592791,0.002801508977123405,0.9116308180592791,0.002801508977123405,0.0005038730720582303,1.0
33.0,GNN-CORO,5.127759089439635,0.34679238834104625,5.127759089439635,0.34679238834104625,0.0376096897892745,0.0
34.0,ZNN-CORO,0.09912216161970687,0.003668106626212991,0.09912216161970687,0.003668106626212991,0.000423727689850321,1.0
34.0,GNN-CORO,0.18360625356950425,0.15966707840168498,0.18360625356950425,0.15966707840168498,0.00865163645919924,1.0
35.0,ZNN-CORO,0.20014090547814592,0.008764256959287575,0.20014090547814592,0.008764256959287575,0.0005955728507457178,1.0
35.0,GNN-CORO,16.891973827738607,0.22107949610908983,16.891973827738607,0.22107949610908983,0.12625054455008497,0.0
36.0,ZNN-CORO,0.6035421101492485,0.01620304659193534,0.6035421101492485,0.01620304659193534,0.0006127318583995437,1.0
36.0,GNN-CORO,0.3177296373133007,0.15797046922441513,0.3177296373133007,0.15797046922441513,0.0077328257572478855,1.0
37.0,ZNN-CORO,0.14140927002557113,0.01194827952809518,0.14140927002557113,0.01194827952809518,0.0009433651227173634,1.0
37.0,GNN-CORO,7.388137127142703,0.33501157615275223,7.388137127142703,0.33501157615275223,0.059608629752830135,0.0
38.0,ZNN-CORO,0.45105746500224797,0.011520610569693161,0.45105746500224797,0.011520610569693161,0.00019600274686511245,1.0
38.0,GNN-CORO,2.4840210915820706,0.3909655273117956,2.4840210915820706,0.3909655273117956,0.04336021969788348,1.0
39.0,ZNN-CORO,0.5252619639101621,0.015816931712568393,0.5252619639101621,0.015816931712568393,0.0007738498638417421,1.0
39.0,GNN-CORO,10.956203676193235,0.2682035629682081,10.956203676193235,0.2682035629682081,0.026504547861425143,0.0
40.0,ZNN-CORO,0.5039181429589374,0.00816778767760045,0.5039181429589374,0.00816778767760045,0.0002541246005665837,1.0
40.0,GNN-CORO,5.820556736724516,0.44702644105386885,5.820556736724516,0.44702644105386885,0.05449804321459658,0.0
41.0,ZNN-CORO,0.8238571601066172,0.020539098810460104,0.8238571601066172,0.020539098810460104,0.0006077882078415093,1.0
41.0,GNN-CORO,14.531245295019254,0.2961230325054845,14.531245295019254,0.2961230325054845,0.05383882923384054,0.0
42.0,ZNN-CORO,0.21756355448064277,0.022503068149949238,0.21756355448064277,0.022503068149949238,0.000497641677050079,1.0
42.0,GNN-CORO,5.986585159501264,0.12378739541479235,5.986585159501264,0.12378739541479235,0.016936797908897655,0.0
43.0,ZNN-CORO,0.5798182940503414,0.019284757501248875,0.5798182940503414,0.019284757501248875,0.00032253706134473313,1.0
43.0,GNN-CORO,9.569683307686727,0.3372927872430793,9.569683307686727,0.3372927872430793,0.02997965891446984,0.0
44.0,ZNN-CORO,0.3927046400034917,0.00970852523715821,0.3927046400034917,0.00970852523715821,0.000444577245721626,1.0
44.0,GNN-CORO,10.012020858721554,0.22175951898700413,10.012020858721554,0.22175951898700413,0.05578668612872243,0.0
45.0,ZNN-CORO,0.24930204593086136,0.006021480434598386,0.24930204593086136,0.006021480434598386,0.00040099837710511044,1.0
45.0,GNN-CORO,9.091207714831562,0.2800456518438466,9.091207714831562,0.2800456518438466,0.06153326274838261,0.0
46.0,ZNN-CORO,0.804583054254393,0.01853665865101782,0.804583054254393,0.01853665865101782,0.0003873426725656681,1.0
46.0,GNN-CORO,3.8969007265430613,0.34868099907012334,3.8969007265430613,0.34868099907012334,0.0283426991219576,1.0
47.0,ZNN-CORO,0.4217501598482759,0.004927410022892252,0.4217501598482759,0.004927410022892252,0.0005625927248736357,1.0
47.0,GNN-CORO,15.795964089762544,0.3728391859139916,15.795964089762544,0.3728391859139916,0.09347958878432332,0.0
48.0,ZNN-CORO,0.29745742958432525,0.006281529633047986,0.29745742958432525,0.006281529633047986,0.000221750314383691,1.0
48.0,GNN-CORO,18.184482485209664,0.10312706991597875,18.184482485209664,0.10312706991597875,0.05834444910834741,0.0
49.0,ZNN-CORO,0.5550175674129088,0.008305766481118474,0.5550175674129088,0.008305766481118474,0.000573206147625771,1.0
49.0,GNN-CORO,11.822016233125266,0.24165424297820545,11.822016233125266,0.24165424297820545,0.035845112896372176,0.0
50.0,ZNN-CORO,0.546722628653348,0.009104641268757695,0.546722628653348,0.009104641268757695,0.00014721147496738618,1.0
50.0,GNN-CORO,1.1103150150160606,0.45756342640924147,1.1103150150160606,0.45756342640924147,0.0341320877248026,1.0
51.0,ZNN-CORO,0.3220694109573922,0.008640075914940117,0.3220694109573922,0.008640075914940117,0.00047940506496536606,1.0
51.0,GNN-CORO,12.25647932982429,0.42069654930251765,12.25647932982429,0.42069654930251765,0.07450104354953606,0.0
52.0,ZNN-CORO,0.3347689605361402,0.0027245448550102507,0.3347689605361402,0.0027245448550102507,0.00037286183584010925,1.0
52.0,GNN-CORO,15.23836521341027,0.3384155782961734,15.23836521341027,0.3384155782961734,0.08799076716351717,0.0
53.0,ZNN-CORO,0.19989071341903358,0.005187825994557417,0.19989071341903358,0.005187825994557417,0.0006123767010568839,1.0
53.0,GNN-CORO,10.333831060567952,0.5600471242318107,10.333831060567952,0.5600471242318107,0.10669282352464073,0.0
54.0,ZNN-CORO,0.3649319712924177,0.0059500645399704795,0.3649319712924177,0.0059500645399704795,0.0006320853554384592,1.0
54.0,GNN-CORO,10.019432871734436,0.3039523481294436,10.019432871734436,0.3039523481294436,0.07171068068372795,0.0
55.0,ZNN-CORO,0.5384400171619991,0.033848118973756496,0.5384400171619991,0.033848118973756496,0.0003077458521527287,1.0
55.0,GNN-CORO,18.223369467724,0.2910268939381303,18.223369467724,0.2910268939381303,0.039759908939439335,0.0
56.0,ZNN-CORO,0.6113159093651044,0.01809069286045228,0.6113159093651044,0.01809069286045228,0.0005864876332779814,1.0
56.0,GNN-CORO,16.751732442005096,0.09496761100052939,16.751732442005096,0.09496761100052939,0.039741418540678065,0.0
57.0,ZNN-CORO,0.3005730986492341,0.006713862296068096,0.3005730986492341,0.006713862296068096,0.00025720971774878044,1.0
57.0,GNN-CORO,3.5575108285305848,0.2581297314263102,3.5575108285305848,0.2581297314263102,0.030132460080671695,1.0
58.0,ZNN-CORO,0.3615011856003677,0.004679679793646306,0.3615011856003677,0.004679679793646306,0.00024098022996792558,1.0
58.0,GNN-CORO,6.217386504185896,0.12871818114439146,6.217386504185896,0.12871818114439146,0.021841278769763873,0.0
59.0,ZNN-CORO,0.18536902297333438,0.010675039235666255,0.18536902297333438,0.010675039235666255,0.0002475673240345874,1.0
59.0,GNN-CORO,12.22849350964099,0.25269776554203105,12.22849350964099,0.25269776554203105,0.038038964433950447,0.0
60.0,ZNN-CORO,0.23228644294405174,0.004700958780176695,0.23228644294405174,0.004700958780176695,0.00019952934789401096,1.0
60.0,GNN-CORO,10.163997672876613,0.5037646085154702,10.163997672876613,0.5037646085154702,0.08512650911683024,0.0
61.0,ZNN-CORO,0.4393862750685986,0.006997680284745928,0.4393862750685986,0.006997680284745928,0.0003581103690368308,1.0
61.0,GNN-CORO,3.754291551800898,0.19704146147206952,3.754291551800898,0.19704146147206952,0.014220583848970013,1.0
62.0,ZNN-CORO,0.3941391104197348,0.015718726305576202,0.3941391104197348,0.015718726305576202,0.00034252133217055873,1.0
62.0,GNN-CORO,2.898312517764555,0.12283773046549105,2.898312517764555,0.12283773046549105,0.004031248313501602,1.0
63.0,ZNN-CORO,0.5569899921268008,0.01327341695212163,0.5569899921268008,0.01327341695212163,0.0005278660978710806,1.0
63.0,GNN-CORO,3.096951447880083,0.22657429462375323,3.096951447880083,0.22657429462375323,0.012278262207549634,1.0
64.0,ZNN-CORO,0.3728575435943126,0.010264233290954229,0.3728575435943126,0.010264233290954229,0.0006970627072548979,1.0
64.0,GNN-CORO,10.957565254051216,0.19976613818405484,10.957565254051216,0.19976613818405484,0.03788558574980893,0.0
65.0,ZNN-CORO,0.820357174872471,0.016393706037365268,0.820357174872471,0.016393706037365268,0.00039262378036562513,1.0
65.0,GNN-CORO,17.20784446898022,0.26826747444149046,17.20784446898022,0.26826747444149046,0.05572779695896901,0.0
66.0,ZNN-CORO,0.2960975542330483,0.004549418926263869,0.2960975542330483,0.004549418926263869,0.0003651141261069843,1.0
66.0,GNN-CORO,16.882882188205443,0.12207793431475968,16.882882188205443,0.12207793431475968,0.10588383137041231,0.0
67.0,ZNN-CORO,0.27756205429191877,0.013209690928148657,0.27756205429191877,0.013209690928148657,0.00030414864574614613,1.0
67.0,GNN-CORO,16.177044659577316,0.3239493695997295,16.177044659577316,0.3239493695997295,0.07145117179429401,0.0
68.0,ZNN-CORO,0.2410027260874537,0.006899133261303533,0.2410027260874537,0.006899133261303533,0.0001290510194739901,1.0
68.0,GNN-CORO,2.1689004662709213,0.12022756137277157,2.1689004662709213,0.12022756137277157,0.007608193783397055,1.0
69.0,ZNN-CORO,0.126803658965082,0.003766616198856665,0.126803658965082,0.003766616198856665,0.0003376851772924584,1.0
69.0,GNN-CORO,10.767162849669711,0.36650791764717305,10.767162849669711,0.36650791764717305,0.11540900640690331,0.0
70.0,ZNN-CORO,0.6824670130942537,0.007573328957368612,0.6824670130942537,0.007573328957368612,0.00028163726603580027,1.0
70.0,GNN-CORO,11.388504567727626,0.24225406083245435,11.388504567727626,0.24225406083245435,0.02316397897781837,0.0
71.0,ZNN-CORO,0.7213548528673548,0.013223333542775047,0.7213548528673548,0.013223333542775047,0.0002900534846296449,1.0
71.0,GNN-CORO,16.98609688593147,0.2710618629791037,16.98609688593147,0.2710618629791037,0.10811357179343484,0.0
72.0,ZNN-CORO,0.48486861458602415,0.030022041098677503,0.48486861458602415,0.030022041098677503,0.00021847003511795562,1.0
72.0,GNN-CORO,8.979143893838812,0.2780804868244113,8.979143893838812,0.2780804868244113,0.03963411957495357,0.0
73.0,ZNN-CORO,0.38195700132185834,0.01690470034788142,0.38195700132185834,0.01690470034788142,0.0004048498594475729,1.0
73.0,GNN-CORO,16.610911236682757,0.3330890742118586,16.610911236682757,0.3330890742118586,0.06722823124312372,0.0
74.0,ZNN-CORO,0.3246457967562462,0.007946519978069534,0.3246457967562462,0.007946519978069534,0.0002773830329929732,1.0
74.0,GNN-CORO,13.317939564990727,0.2722405347085521,13.317939564990727,0.2722405347085521,0.05992462804261459,0.0
75.0,ZNN-CORO,0.7019594106130305,0.013781289664885286,0.7019594106130305,0.013781289664885286,0.0004002203961229167,1.0
75.0,GNN-CORO,13.3940424379758,0.25030566818650374,13.3940424379758,0.25030566818650374,0.03399359761048777,0.0
76.0,ZNN-CORO,0.7130184731189941,0.016902432938449605,0.7130184731189941,0.016902432938449605,0.00041434602933530465,1.0
76.0,GNN-CORO,13.352023282555049,0.2993008826717727,13.352023282555049,0.2993008826717727,0.04683071135243394,0.0
77.0,ZNN-CORO,0.34039927465010655,0.007773452214283216,0.34039927465010655,0.007773452214283216,0.0002996350286112251,1.0
77.0,GNN-CORO,4.109660776044497,0.25448868628682403,4.109660776044497,0.25448868628682403,0.034437067095280695,1.0
78.0,ZNN-CORO,0.16905028172156286,0.012068561892378694,0.16905028172156286,0.012068561892378694,0.0003490579401119371,1.0
78.0,GNN-CORO,2.165983937150896,0.17947377009811635,2.165983937150896,0.17947377009811635,0.012904068820609215,1.0
79.0,ZNN-CORO,0.17994789602623823,0.02939723171680517,0.17994789602623823,0.02939723171680517,0.00024406623675818915,1.0
79.0,GNN-CORO,17.84188187183314,0.2854419562787654,17.84188187183314,0.2854419562787654,0.056590244402751344,0.0
80.0,ZNN-CORO,0.4289326740583987,0.006645138041811985,0.4289326740583987,0.006645138041811985,0.00031108547398479874,1.0
80.0,GNN-CORO,12.65571547160895,0.08753887029214215,12.65571547160895,0.08753887029214215,0.06644618477040269,0.0
81.0,ZNN-CORO,0.4618384564479078,0.005076214008110915,0.4618384564479078,0.005076214008110915,0.00038592830339272756,1.0
81.0,GNN-CORO,9.411092481183022,0.5086563449445253,9.411092481183022,0.5086563449445253,0.09238318552617568,0.0
82.0,ZNN-CORO,0.2416907558403546,0.013645358603949616,0.2416907558403546,0.013645358603949616,0.00030507836313339284,1.0
82.0,GNN-CORO,8.802400132672034,0.2994207726349868,8.802400132672034,0.2994207726349868,0.027253667141577648,0.0
83.0,ZNN-CORO,0.5695210711618278,0.014316038514132061,0.5695210711618278,0.014316038514132061,0.00038227311445585737,1.0
83.0,GNN-CORO,6.807911925267821,0.2725191611231566,6.807911925267821,0.2725191611231566,0.03310409485390362,0.0
84.0,ZNN-CORO,0.3648144927560178,0.016611869745407647,0.3648144927560178,0.016611869745407647,0.00013851833531797322,1.0
84.0,GNN-CORO,14.377162410298054,0.2067666712835342,14.377162410298054,0.2067666712835342,0.04701067438279177,0.0
85.0,ZNN-CORO,0.2606884540976815,0.017157210546726524,0.2606884540976815,0.017157210546726524,0.00044478423330152495,1.0
85.0,GNN-CORO,0.08180692436556179,0.24960494205056724,0.08180692436556179,0.24960494205056724,0.01299740768992061,1.0
86.0,ZNN-CORO,0.1483984102180134,0.020294418481504692,0.1483984102180134,0.020294418481504692,0.00032649503976061087,1.0
86.0,GNN-CORO,4.122742138599935,0.37610737005297323,4.122742138599935,0.37610737005297323,0.02890091207900569,1.0
87.0,ZNN-CORO,0.5389048592659651,0.021431443503618017,0.5389048592659651,0.021431443503618017,0.0003001808717879255,1.0
87.0,GNN-CORO,14.44594301145014,0.6628725501985638,14.44594301145014,0.6628725501985638,0.15255089206216596,0.0
88.0,ZNN-CORO,0.3158677361798784,0.02804109097074754,0.3158677361798784,0.02804109097074754,0.0003144902010894389,1.0
88.0,GNN-CORO,4.6991622200788505,0.34364582528907706,4.6991622200788505,0.34364582528907706,0.04014595906215376,1.0
89.0,ZNN-CORO,0.5566000356506775,0.03152348349187047,0.5566000356506775,0.03152348349187047,0.00020400480968142968,1.0
89.0,GNN-CORO,10.338646505601647,0.09882856630144413,10.338646505601647,0.09882856630144413,0.015842963646162108,0.0
90.0,ZNN-CORO,0.1466757088215583,0.017085327126771986,0.1466757088215583,0.017085327126771986,0.0003929506786189162,1.0
90.0,GNN-CORO,9.72831216578096,0.2855926205169377,9.72831216578096,0.2855926205169377,0.027570369235226922,0.0
91.0,ZNN-CORO,0.3250994910929776,0.01956467486524609,0.3250994910929776,0.01956467486524609,0.0004963850215837918,1.0
91.0,GNN-CORO,17.436257300598466,0.14317257717539347,17.436257300598466,0.14317257717539347,0.05239547925238486,0.0
92.0,ZNN-CORO,0.6781120614539237,0.02332630705007419,0.6781120614539237,0.02332630705007419,0.00035351505379051067,1.0
92.0,GNN-CORO,15.17541671085098,0.5934963929479234,15.17541671085098,0.5934963929479234,0.15221748005334487,0.0
93.0,ZNN-CORO,0.798369892619883,0.006633407710911839,0.798369892619883,0.006633407710911839,0.0006021037895750963,1.0
93.0,GNN-CORO,1.5630291085733714,0.24210311214956837,1.5630291085733714,0.24210311214956837,0.014950419659432383,1.0
94.0,ZNN-CORO,0.40137672385974127,0.005656606899321958,0.40137672385974127,0.005656606899321958,0.00035677308208626997,1.0
94.0,GNN-CORO,16.045858462353255,0.30703797306358893,16.045858462353255,0.30703797306358893,0.09898424318767836,0.0
95.0,ZNN-CORO,0.15624363779747039,0.014229516114976021,0.15624363779747039,0.014229516114976021,0.0005206439008108018,1.0
95.0,GNN-CORO,14.894012570396573,0.5340989985141749,14.894012570396573,0.5340989985141749,0.0950983261824983,0.0
96.0,ZNN-CORO,0.4441216198587053,0.016626158562196836,0.4441216198587053,0.016626158562196836,0.00024195843820937335,1.0
96.0,GNN-CORO,2.163921374457502,0.5144156488505331,2.163921374457502,0.5144156488505331,0.03104922967924301,1.0
97.0,ZNN-CORO,0.512861338964372,0.0061102447866116,0.512861338964372,0.0061102447866116,0.00031742132808775767,1.0
97.0,GNN-CORO,15.797086322592413,0.18296828581579083,15.797086322592413,0.18296828581579083,0.08609641613451713,0.0
98.0,ZNN-CORO,0.1594971335978613,0.007526299757284954,0.1594971335978613,0.007526299757284954,0.00030501145901458995,1.0
98.0,GNN-CORO,14.540929799512936,0.1972366861432029,14.540929799512936,0.1972366861432029,0.047381996068694504,0.0
99.0,ZNN-CORO,0.6558944720921996,0.007148148896664469,0.6558944720921996,0.007148148896664469,0.00039789180598261375,1.0
99.0,GNN-CORO,13.93875093435143,0.39006451941350473,13.93875093435143,0.39006451941350473,0.10329724535881375,0.0
100.0,ZNN-CORO,0.47326692779771046,0.01473709522130028,0.47326692779771046,0.01473709522130028,0.00028996776744233426,1.0
100.0,GNN-CORO,7.63467290382597,0.2525150778157701,7.63467290382597,0.2525150778157701,0.034051494295744965,0.0
101.0,ZNN-CORO,0.30810340412141785,0.006571751308058834,0.30810340412141785,0.006571751308058834,0.00046561970886582695,1.0
101.0,GNN-CORO,8.849177530358956,0.07482761047336235,8.849177530358956,0.07482761047336235,0.038097294427883004,0.0
102.0,ZNN-CORO,0.5446755336497653,0.023677088918814485,0.5446755336497653,0.023677088918814485,0.00041023038590751133,1.0
102.0,GNN-CORO,6.314942161085915,0.28166303681856564,6.314942161085915,0.28166303681856564,0.014958793136735047,0.0
103.0,ZNN-CORO,0.7374510920885459,0.019351965908043153,0.7374510920885459,0.019351965908043153,0.00042731212968495055,1.0
103.0,GNN-CORO,10.345942053765443,0.17575015689067933,10.345942053765443,0.17575015689067933,0.024277507055422923,0.0
104.0,ZNN-CORO,0.728779068034414,0.017142648807144785,0.728779068034414,0.017142648807144785,0.0002644606961989645,1.0
104.0,GNN-CORO,1.1855579109990264,0.5274847113246762,1.1855579109990264,0.5274847113246762,0.022451759000384083,1.0
105.0,ZNN-CORO,0.6763928510008118,0.011390440494294893,0.6763928510008118,0.011390440494294893,0.0003342388324881919,1.0
105.0,GNN-CORO,3.4459754432914353,0.1990718000291015,3.4459754432914353,0.1990718000291015,0.007942818173788172,1.0
106.0,ZNN-CORO,0.43169360404183904,0.009595706957649403,0.43169360404183904,0.009595706957649403,0.000566852581494861,1.0
106.0,GNN-CORO,4.041561000158467,0.16247940452762802,4.041561000158467,0.16247940452762802,0.008232222232946795,1.0
107.0,ZNN-CORO,0.38228525391312373,0.018368847312326218,0.38228525391312373,0.018368847312326218,0.000365416036370214,1.0
107.0,GNN-CORO,7.998442644325567,0.30876808471186146,7.998442644325567,0.30876808471186146,0.029568751078577506,0.0
108.0,ZNN-CORO,0.3639788496928234,0.011333704374043914,0.3639788496928234,0.011333704374043914,0.00045074751048057186,1.0
108.0,GNN-CORO,2.830298515432425,0.29319638204765386,2.830298515432425,0.29319638204765386,0.01862379240265038,1.0
109.0,ZNN-CORO,0.38979004438706066,0.015198342705302922,0.38979004438706066,0.015198342705302922,0.00042832768706510717,1.0
109.0,GNN-CORO,5.511897123874356,0.27144523704870493,5.511897123874356,0.27144523704870493,0.02390699322408098,0.0
110.0,ZNN-CORO,0.3702837200805508,0.0026058835704808824,0.3702837200805508,0.0026058835704808824,0.0007231862502258701,1.0
110.0,GNN-CORO,16.063689080543938,0.3363007226586291,16.063689080543938,0.3363007226586291,0.06047688733052612,0.0
111.0,ZNN-CORO,0.1778681314111792,0.013700827351582106,0.1778681314111792,0.013700827351582106,0.00035752829461849683,1.0
111.0,GNN-CORO,10.035858494366233,0.4503601373208121,10.035858494366233,0.4503601373208121,0.041596102902364325,0.0
112.0,ZNN-CORO,0.3770827229220549,0.0076273333613602135,0.3770827229220549,0.0076273333613602135,0.0003273146860078349,1.0
112.0,GNN-CORO,3.5042419819842276,0.18093113754049917,3.5042419819842276,0.18093113754049917,0.005889039433756624,1.0
113.0,ZNN-CORO,0.7189290874993777,0.009208025081447588,0.7189290874993777,0.009208025081447588,0.00043200235237925865,1.0
113.0,GNN-CORO,16.93084895595337,0.13598574162623833,16.93084895595337,0.13598574162623833,0.05705914580775665,0.0
114.0,ZNN-CORO,0.37728319992840575,0.02116227238740484,0.37728319992840575,0.02116227238740484,0.00028658876772396784,1.0
114.0,GNN-CORO,1.2524205892329119,0.4485779675271878,1.2524205892329119,0.4485779675271878,0.05276283782728952,1.0
115.0,ZNN-CORO,0.6084592453326245,0.004541807056595164,0.6084592453326245,0.004541807056595164,0.0005573400309786542,1.0
115.0,GNN-CORO,4.839618813166591,0.5202042434142881,4.839618813166591,0.5202042434142881,0.058528730054423016,1.0
116.0,ZNN-CORO,0.6636977403881296,0.0032939063891160177,0.6636977403881296,0.0032939063891160177,0.00040654604815245564,1.0
116.0,GNN-CORO,14.548027454474864,0.35898339102218935,14.548027454474864,0.35898339102218935,0.11296070889862937,0.0
117.0,ZNN-CORO,0.4443099139112211,0.029927503723634667,0.4443099139112211,0.029927503723634667,0.0003022038712093322,1.0
117.0,GNN-CORO,14.2442798399355,0.17402373895068146,14.2442798399355,0.17402373895068146,0.016582212401933454,0.0
118.0,ZNN-CORO,0.24758857734644696,0.025360538495045923,0.24758857734644696,0.025360538495045923,0.0005878749962873011,1.0
118.0,GNN-CORO,13.490633850437082,0.19964059215118002,13.490633850437082,0.19964059215118002,0.05693214639409978,0.0
119.0,ZNN-CORO,0.10509465864776377,0.0074820157082809485,0.10509465864776377,0.0074820157082809485,0.0005411672693093548,1.0
119.0,GNN-CORO,10.718650685869125,0.5774842326568029,10.718650685869125,0.5774842326568029,0.1512381236342855,0.0
