trial,method,rotation_error_x_deg,translation_error_x,rotation_error_y_deg,translation_error_y,worst_rotation_error_deg,worst_translation_error,final_loss,success_rot_le_5deg
0.0,ZNN-CORO,0.6815790343348005,0.005159328451354662,0.42256055921398833,0.009348472248998506,0.6815790343348005,0.009348472248998506,0.0003542703593761688,1.0
0.0,GNN-CORO,6.693357976861378,0.2967331477112257,13.495604708018126,0.3309227410497789,13.495604708018126,0.3309227410497789,0.30701489329632436,0.0
1.0,ZNN-CORO,0.48119816106589813,0.01224120270059098,0.6670245596719007,0.010337990085015568,0.6670245596719007,0.01224120270059098,0.00047353290716394735,1.0
1.0,GNN-CORO,10.960797315393554,0.12310883680284071,2.17906276684491,0.09069271090377093,10.960797315393554,0.12310883680284071,0.058506077049391696,0.0
2.0,ZNN-CORO,0.7016952339557532,0.0563589164056442,0.5572397658371574,0.05320100692806196,0.7016952339557532,0.0563589164056442,0.00027510086569659456,1.0
2.0,GNN-CORO,5.7293327495459465,0.2898056397839068,6.777445529679156,0.2110094082092228,6.777445529679156,0.2898056397839068,0.031028675152356074,0.0
3.0,ZNN-CORO,0.35071397009609717,0.016512435576997192,0.6800482836349954,0.013587092334189806,0.6800482836349954,0.016512435576997192,0.0002773194598220053,1.0
3.0,GNN-CORO,9.118038671431105,0.037019742725124115,10.481907292391446,0.24418113809603467,10.481907292391446,0.24418113809603467,0.1332175727547677,0.0
4.0,ZNN-CORO,0.19269451448309075,0.016050169285154865,0.19904623335440444,0.01645168766751213,0.19904623335440444,0.01645168766751213,0.0004140737389472383,1.0
4.0,GNN-CORO,11.673178168380595,0.27419031010612743,12.987977116976237,0.2817652072330041,12.987977116976237,0.2817652072330041,0.35944264207131704,0.0
5.0,ZNN-CORO,0.7829701181895646,0.009455814871377845,0.32817437058196036,0.013206165909418331,0.7829701181895646,0.013206165909418331,0.0005255414268803578,1.0
5.0,GNN-CORO,7.000500719050425,0.4388376715944055,9.854258010821418,0.33253174057742113,9.854258010821418,0.4388376715944055,0.12149074675290937,0.0
6.0,ZNN-CORO,0.4305615995725224,0.010168290353358159,0.1966129300933633,0.01809098109163443,0.4305615995725224,0.01809098109163443,0.0003482733224552915,1.0
6.0,GNN-CORO,13.144704480936593,0.30805914014177777,14.903571722243138,0.32786092716070303,14.903571722243138,0.32786092716070303,0.10384548738010706,0.0
7.0,ZNN-CORO,0.19598637493670967,0.016976884469566546,0.455050754359233,0.01514200413511854,0.455050754359233,0.016976884469566546,0.00021877956147860005,1.0
7.0,GNN-CORO,12.736387565250823,0.45210705693072445,8.946161360624393,0.14883579232481003,12.736387565250823,0.45210705693072445,0.45548017152645565,0.0
8.0,ZNN-CORO,0.7116210866897764,0.011675818935153275,0.45745717478248876,0.010811637737890113,0.7116210866897764,0.011675818935153275,0.00044087190941815186,1.0
8.0,GNN-CORO,14.149960378803994,0.08123424014757276,6.8515074669935245,0.3221440129778544,14.149960378803994,0.3221440129778544,0.1710589898580812,0.0
9.0,ZNN-CORO,0.1829542915593266,0.03114355285051602,0.3386565760066776,0.024014866010851052,0.3386565760066776,0.03114355285051602,0.0001449915942680589,1.0
9.0,GNN-CORO,3.081371802035287,0.25609195302951804,12.688413694706322,0.13030647513233776,12.688413694706322,0.25609195302951804,0.137025035600831,0.0
10.0,ZNN-CORO,0.27459169293146957,0.018924487566446217,0.30184807277633025,0.01137477181156643,0.30184807277633025,0.018924487566446217,0.0002578084164817108,1.0
10.0,GNN-CORO,8.139476410927694,0.2769444140382461,12.892351748835559,0.2478277972504203,12.892351748835559,0.2769444140382461,0.25541197618507444,0.0
11.0,ZNN-CORO,1.0207936298806146,0.01714941510625035,0.9807661078242729,0.02041794662022651,1.0207936298806146,0.02041794662022651,0.0003541538807573315,1.0
11.0,GNN-CORO,16.999262632664657,0.2703898791239616,13.916483576368009,0.2032984539748663,16.999262632664657,0.2703898791239616,0.12144079084108193,0.0
12.0,ZNN-CORO,0.31692245382610185,0.01928601820852878,0.31905844770150826,0.022048693584418664,0.31905844770150826,0.022048693584418664,0.00031605437114437025,1.0
12.0,GNN-CORO,0.5449771992493682,0.30221152306364757,1.980230539976067,0.24346580649994695,1.980230539976067,0.30221152306364757,0.07770581052559399,1.0
13.0,ZNN-CORO,0.3765273093701372,0.008293107286673256,0.317536508164236,0.008111862598165426,0.3765273093701372,0.008293107286673256,0.0003416181890810125,1.0
13.0,GNN-CORO,2.7843533417024267,0.19911777217519025,1.8177426620436739,0.2955554551833217,2.7843533417024267,0.2955554551833217,0.10897215962389174,1.0
14.0,ZNN-CORO,0.7280939227333625,0.04568861806811179,0.603367746803149,0.020458268645852724,0.7280939227333625,0.04568861806811179,0.0005961756637832546,1.0
14.0,GNN-CORO,3.9225006078304316,0.3092208903999365,10.656132322172718,0.1962652325258875,10.656132322172718,0.3092208903999365,0.21195140395694648,0.0
15.0,ZNN-CORO,0.4321657980635702,0.007922423753468088,0.4828471746962654,0.0056586539805511624,0.4828471746962654,0.007922423753468088,0.0003135039084329549,1.0
15.0,GNN-CORO,8.875954865863138,0.21977095407240604,11.4132424960127,0.09651672531948242,11.4132424960127,0.21977095407240604,0.04885594083633124,0.0
16.0,ZNN-CORO,0.8698226827298977,0.03172392156461002,0.9040787306296072,0.033636924556105355,0.9040787306296072,0.033636924556105355,0.00021218991142725926,1.0
16.0,GNN-CORO,3.048132700260193,0.24644868850816967,12.73214936902302,0.3253247008664579,12.73214936902302,0.3253247008664579,0.1107077846737239,0.0
17.0,ZNN-CORO,0.3511518556538839,0.005005955907981392,0.1620806962602661,0.005756304467876816,0.3511518556538839,0.005756304467876816,0.00011750724421653005,1.0
17.0,GNN-CORO,9.43826526516779,0.15131855933300245,12.765844776211631,0.2698712828806218,12.765844776211631,0.2698712828806218,0.13529878963335204,0.0
18.0,ZNN-CORO,0.3788691355425763,0.02929010826918333,0.26842695004153244,0.029019188571491272,0.3788691355425763,0.02929010826918333,0.0005458992501904858,1.0
18.0,GNN-CORO,14.436881868398762,0.2089244955894209,15.014706903250621,0.1568163697944271,15.014706903250621,0.2089244955894209,0.226247988257533,0.0
19.0,ZNN-CORO,0.24850867639409194,0.016075288664215065,0.14090381806033384,0.020842433277413124,0.24850867639409194,0.020842433277413124,0.0005680636649777857,1.0
19.0,GNN-CORO,11.263233584744068,0.28047618476699143,17.051772171115815,0.3686419939963248,17.051772171115815,0.3686419939963248,0.20567684309611356,0.0
20.0,ZNN-CORO,0.1786100031138102,0.024252862290106984,0.25292607306590814,0.018243817309500702,0.25292607306590814,0.024252862290106984,0.0004631993997943503,1.0
20.0,GNN-CORO,6.450520732643873,0.14235082468738341,3.5190578165880964,0.5143494511653974,6.450520732643873,0.5143494511653974,0.19565764794485277,0.0
21.0,ZNN-CORO,0.2456352024775275,0.023946121942296696,0.2036660159852204,0.02379507314620284,0.2456352024775275,0.023946121942296696,0.0003539804339374486,1.0
21.0,GNN-CORO,6.7991043663205755,0.1586828492848192,1.358358792702288,0.13173656176712575,6.7991043663205755,0.1586828492848192,0.03932691875172894,0.0
22.0,ZNN-CORO,0.448602387640691,0.01387676127957304,0.35736846128071753,0.02135776729196693,0.448602387640691,0.02135776729196693,0.00038249031917767765,1.0
22.0,GNN-CORO,6.922587324278691,0.14573264927410567,8.307782026338641,0.13838981634890063,8.307782026338641,0.14573264927410567,0.16816050506397864,0.0
23.0,ZNN-CORO,0.7832163979685768,0.023198087229775288,0.532844461471856,0.030460425897010174,0.7832163979685768,0.030460425897010174,0.0003825425044540765,1.0
23.0,GNN-CORO,11.257122814516357,0.41477586576297437,4.134484027328606,0.5715042469626074,11.257122814516357,0.5715042469626074,0.14930522089798473,0.0
24.0,ZNN-CORO,0.7757734759986838,0.01858764184602418,0.6475959009415794,0.01699901981663971,0.7757734759986838,0.01858764184602418,0.00036415148059554606,1.0
24.0,GNN-CORO,7.102410831401043,0.4594023044878407,0.9831717680754722,0.19084773830064142,7.102410831401043,0.4594023044878407,0.18966539867532864,0.0
25.0,ZNN-CORO,0.36779139711771947,0.017693338482688392,0.5682721969379678,0.021822866356115047,0.5682721969379678,0.021822866356115047,0.0005285067186419921,1.0
25.0,GNN-CORO,15.626127104701798,0.3124409848627248,3.984420975827731,0.30805364140998953,15.626127104701798,0.3124409848627248,0.18597801587727547,0.0
26.0,ZNN-CORO,0.7043431376332543,0.019348887261934976,0.406772462824612,0.020455731737544964,0.7043431376332543,0.020455731737544964,0.0003419667061367716,1.0
26.0,GNN-CORO,1.0050356294990292,0.17644730017877194,5.24583661820995,0.21520372362629078,5.24583661820995,0.21520372362629078,0.03395353016188403,0.0
27.0,ZNN-CORO,0.27587054169991704,0.009397789587009275,0.37358769956886023,0.010479067298795127,0.37358769956886023,0.010479067298795127,0.00026726176997190576,1.0
27.0,GNN-CORO,15.679122562929178,0.10525677634983421,9.216906478416231,0.2645707486010487,15.679122562929178,0.2645707486010487,0.14755706137004712,0.0
28.0,ZNN-CORO,0.3328991760147255,0.00899168472502657,0.4111692069880256,0.005608929109209646,0.4111692069880256,0.00899168472502657,0.0002536094550567056,1.0
28.0,GNN-CORO,6.031284459663187,0.10591659244998451,11.771458468905678,0.2007505406893177,11.771458468905678,0.2007505406893177,0.21994011467998972,0.0
29.0,ZNN-CORO,0.23606002033604154,0.001505930907756924,0.3584088937966375,0.007635759805088183,0.3584088937966375,0.007635759805088183,0.00017754969914008845,1.0
29.0,GNN-CORO,2.2597348747368966,0.172747178886594,8.3705256345882,0.11641614025684577,8.3705256345882,0.172747178886594,0.0734175003741491,0.0
30.0,ZNN-CORO,0.2515734168143287,0.028142945229561064,0.39304662623190717,0.021939852562215305,0.39304662623190717,0.028142945229561064,0.00026482751840679067,1.0
30.0,GNN-CORO,7.803241707694431,0.21280799436827813,11.868059458129627,0.42706105902818486,11.868059458129627,0.42706105902818486,0.24108379002950922,0.0
31.0,ZNN-CORO,0.6285177019824034,0.007740686192354522,0.3695238825394065,0.018664321231954,0.6285177019824034,0.018664321231954,0.00046777532527052316,1.0
31.0,GNN-CORO,13.36112392573616,0.34929881894637,4.627030686593702,0.16666522668404,13.36112392573616,0.34929881894637,0.29180321987981117,0.0
32.0,ZNN-CORO,0.7042437815793128,0.01207018947775798,0.8013695448032293,0.011327009106679373,0.8013695448032293,0.01207018947775798,0.0003280172296745321,1.0
32.0,GNN-CORO,11.696094488274719,0.19573019801289607,3.9264372451964538,0.2470590977034941,11.696094488274719,0.2470590977034941,0.10469632877378883,0.0
33.0,ZNN-CORO,1.1662917808913988,0.03976716460682195,1.0617379272361307,0.055747571893772094,1.1662917808913988,0.055747571893772094,0.0005395565832625003,1.0
33.0,GNN-CORO,3.5793677502298498,0.1251515754900467,4.50647472826235,0.1690296202427549,4.50647472826235,0.1690296202427549,0.020664892961058876,1.0
34.0,ZNN-CORO,0.7082200860069033,0.015219704486034035,0.5970599836273798,0.030027382116232227,0.7082200860069033,0.030027382116232227,0.0004888952054160034,1.0
34.0,GNN-CORO,5.34141604687653,0.33880352654298324,14.859783376075988,0.044326502412509565,14.859783376075988,0.33880352654298324,0.21742884337043678,0.0
35.0,ZNN-CORO,0.26797020014651235,0.01837344324240707,0.23403991735572036,0.019286538840882703,0.26797020014651235,0.019286538840882703,0.0004389687547746782,1.0
35.0,GNN-CORO,2.799110765777487,0.3214358981821649,11.795400111373644,0.16383686822816965,11.795400111373644,0.3214358981821649,0.11100499282939447,0.0
36.0,ZNN-CORO,0.22816154971794755,0.021725968594186212,0.2428372413735107,0.019432813439189216,0.2428372413735107,0.021725968594186212,0.0003481674876211458,1.0
36.0,GNN-CORO,8.269729566515583,0.1483253161693625,10.327638060645171,0.2638921658826575,10.327638060645171,0.2638921658826575,0.07699878019314944,0.0
37.0,ZNN-CORO,0.4300857940984864,0.0237616341145255,0.3857546278308242,0.02256083471062848,0.4300857940984864,0.0237616341145255,0.00034439541675979833,1.0
37.0,GNN-CORO,5.733142519160548,0.2295403191425693,2.462325361525799,0.13946231772704032,5.733142519160548,0.2295403191425693,0.12247811436663736,0.0
38.0,ZNN-CORO,0.2591366703430476,0.011725102038052807,0.25420018384287535,0.012212752858154643,0.2591366703430476,0.012212752858154643,0.0003448360585263594,1.0
38.0,GNN-CORO,13.249266312013628,0.17460185378406923,6.434740772226861,0.27716104117541857,13.249266312013628,0.27716104117541857,0.182885299917687,0.0
39.0,ZNN-CORO,0.6014764588104171,0.024912756023783816,0.5161973517829437,0.01723846245970007,0.6014764588104171,0.024912756023783816,0.00027891110146476456,1.0
39.0,GNN-CORO,11.222587747334988,0.23861327009622796,3.0713510676843736,0.16449856274020275,11.222587747334988,0.23861327009622796,0.07516869710296203,0.0
40.0,ZNN-CORO,0.3754884534426286,0.011380989181351822,0.16037935635329856,0.006376816637629299,0.3754884534426286,0.011380989181351822,0.0004563829049239691,1.0
40.0,GNN-CORO,5.7887198122161,0.19303219105902672,13.308016438542317,0.34409248012088806,13.308016438542317,0.34409248012088806,0.13690575596912247,0.0
41.0,ZNN-CORO,1.0867002085917474,0.022477269655766418,0.8205879983297754,0.015927493434519813,1.0867002085917474,0.022477269655766418,0.0002403468392260371,1.0
41.0,GNN-CORO,12.95531837712273,0.3302774986379447,11.956188244287528,0.2213015246735545,12.95531837712273,0.3302774986379447,0.17553208287883018,0.0
42.0,ZNN-CORO,0.31820758297111057,0.01670225133808442,0.3568990903279294,0.016391035344161562,0.3568990903279294,0.01670225133808442,0.0007062555317735073,1.0
42.0,GNN-CORO,14.610158096295427,0.2593541836937938,12.174764160565863,0.4007705741778705,14.610158096295427,0.4007705741778705,0.1538935776728524,0.0
43.0,ZNN-CORO,0.2484691481243192,0.014096311361616681,0.1366568472961393,0.011241076400518052,0.2484691481243192,0.014096311361616681,0.0005742830952164194,1.0
43.0,GNN-CORO,9.517065435826762,0.2938223047888326,5.022315340840047,0.18687009873674765,9.517065435826762,0.2938223047888326,0.1315276538790633,0.0
44.0,ZNN-CORO,0.9756789226393319,0.010870770869620792,0.825991629570507,0.012201491124699508,0.9756789226393319,0.012201491124699508,0.00035551190956016864,1.0
44.0,GNN-CORO,13.980755666927879,0.13624986420900653,14.659146490502273,0.22215918597421677,14.659146490502273,0.22215918597421677,0.09052096245918743,0.0
45.0,ZNN-CORO,0.9606176323521455,0.024587473090347638,1.1533385114493966,0.03401739869632089,1.1533385114493966,0.03401739869632089,0.0003938445658210547,1.0
45.0,GNN-CORO,9.171933278237956,0.22823364023504497,13.564406653501532,0.29693492087767437,13.564406653501532,0.29693492087767437,0.3622619982333564,0.0
46.0,ZNN-CORO,0.21459491679796236,0.010387709094438891,0.18051515083586994,0.00606257010804594,0.21459491679796236,0.010387709094438891,0.0003393090240267933,1.0
46.0,GNN-CORO,0.44672818541478065,0.08608966281245133,1.8402977162162728,0.08174657776616398,1.8402977162162728,0.08608966281245133,0.01761098194813799,1.0
47.0,ZNN-CORO,0.6028190830803437,0.014594413666865246,0.5706991336725488,0.015596888980278629,0.6028190830803437,0.015596888980278629,0.0005991361218644497,1.0
47.0,GNN-CORO,10.701220887330388,0.42184560835020357,7.451864001163454,0.20250522218073128,10.701220887330388,0.42184560835020357,0.2512529098952017,0.0
48.0,ZNN-CORO,0.5584444895682088,0.01695049680639198,0.568355685234385,0.01578132963243579,0.568355685234385,0.01695049680639198,0.00023482283019814304,1.0
48.0,GNN-CORO,12.936206828370914,0.19744337099257336,9.321494674345614,0.13771797465002697,12.936206828370914,0.19744337099257336,0.17813503942793577,0.0
49.0,ZNN-CORO,0.3233155705677007,0.030316107808522407,0.32356111428053475,0.021380041918384954,0.32356111428053475,0.030316107808522407,0.00017612203255175339,1.0
49.0,GNN-CORO,6.3712999335322555,0.4993017113984943,2.3942741293547156,0.5545202462167516,6.3712999335322555,0.5545202462167516,0.07117980122423147,0.0
50.0,ZNN-CORO,0.19840072212026605,0.007830404731229071,0.1750484482893427,0.006213794547116446,0.19840072212026605,0.007830404731229071,0.00028443323014871064,1.0
50.0,GNN-CORO,9.02231442893584,0.2828220012440934,5.2696105689126735,0.17195737402741726,9.02231442893584,0.2828220012440934,0.16598441752664597,0.0
51.0,ZNN-CORO,0.3647365719654588,0.009503251359198385,0.5514484150276133,0.007998935432996276,0.5514484150276133,0.009503251359198385,0.000214765013528005,1.0
51.0,GNN-CORO,3.176058693419737,0.17472965482239147,8.533876852116826,0.2927316081361186,8.533876852116826,0.2927316081361186,0.12075654814761404,0.0
52.0,ZNN-CORO,0.5992900995760921,0.021959831183119137,0.3525750320591319,0.02685643225128822,0.5992900995760921,0.02685643225128822,0.0006085907908498987,1.0
52.0,GNN-CORO,10.557037669655406,0.3948369172022893,9.858717997651475,0.1276966210768406,10.557037669655406,0.3948369172022893,0.2913378440537677,0.0
53.0,ZNN-CORO,0.29770917728101404,0.017908417397930924,0.2983355985235161,0.023026746960892987,0.2983355985235161,0.023026746960892987,0.00033013176956298696,1.0
53.0,GNN-CORO,2.2751455201109323,0.21343638234966472,7.998425224619025,0.09692264019105615,7.998425224619025,0.21343638234966472,0.061514352651392705,0.0
54.0,ZNN-CORO,0.3999832505584223,0.00656403042006918,0.40968451404075856,0.002723052282525991,0.40968451404075856,0.00656403042006918,0.00033173772182004273,1.0
54.0,GNN-CORO,15.818004425378522,0.5837480336481,13.972107482270992,0.29183171347454545,15.818004425378522,0.5837480336481,0.392572125044596,0.0
55.0,ZNN-CORO,0.3148162586396283,0.02201212661756097,0.6073854070773194,0.023134579068876223,0.6073854070773194,0.023134579068876223,0.0002022588874354776,1.0
55.0,GNN-CORO,14.846728852161954,0.33683358353024,4.784928668083108,0.031472876022027016,14.846728852161954,0.33683358353024,0.19692162023509874,0.0
56.0,ZNN-CORO,0.6250299663845515,0.011274693017674815,0.6122876798105324,0.012011592222638255,0.6250299663845515,0.012011592222638255,0.00038930326663787424,1.0
56.0,GNN-CORO,14.512803824333172,0.2024856380392716,9.773997222173339,0.2764663180873878,14.512803824333172,0.2764663180873878,0.049179163391440274,0.0
57.0,ZNN-CORO,0.1710695090853406,0.013692220984295152,0.4047722481963623,0.009771551171443385,0.4047722481963623,0.013692220984295152,0.000180683107941056,1.0
57.0,GNN-CORO,9.541130336943892,0.3800767195941148,6.881393591046455,0.33153580342800454,9.541130336943892,0.3800767195941148,0.21080833037535063,0.0
58.0,ZNN-CORO,1.15415864504114,0.012188613274529048,1.285410193995696,0.02496672323214918,1.285410193995696,0.02496672323214918,0.0002932669801893709,1.0
58.0,GNN-CORO,5.129842694562414,0.31348968481345824,15.6859199205945,0.1710692793056829,15.6859199205945,0.31348968481345824,0.2826712937851635,0.0
59.0,ZNN-CORO,0.398252175016874,0.026477110471887326,0.3417505898247836,0.019307754975161035,0.398252175016874,0.026477110471887326,0.00017113770134114057,1.0
59.0,GNN-CORO,14.75606274301136,0.07023917381079811,6.5173228619489345,0.25118868800582106,14.75606274301136,0.25118868800582106,0.12102766542946271,0.0
60.0,ZNN-CORO,0.28672687473358555,0.011219140499680867,0.11951831566720356,0.010451097928261838,0.28672687473358555,0.011219140499680867,0.000332770206027604,1.0
60.0,GNN-CORO,6.391231130499258,0.2529900267098461,3.6695880610189637,0.1626566142226288,6.391231130499258,0.2529900267098461,0.18549638383256614,0.0
61.0,ZNN-CORO,0.5267888225291714,0.014218787817038957,0.69673331242033,0.0020163726069220415,0.69673331242033,0.014218787817038957,0.0004046835893363103,1.0
61.0,GNN-CORO,7.305709893672218,0.1966536207738936,7.48680529833438,0.12829095406215937,7.48680529833438,0.1966536207738936,0.18293525203744143,0.0
62.0,ZNN-CORO,0.4303524897431913,0.012495538641997313,0.2545368162803199,0.006331623819031603,0.4303524897431913,0.012495538641997313,0.00024263485708033805,1.0
62.0,GNN-CORO,2.5555428325616805,0.3094911415196105,13.815326140996117,0.1535268105652145,13.815326140996117,0.3094911415196105,0.20928528491085296,0.0
63.0,ZNN-CORO,0.48720553690127766,0.0043570595273866915,0.5593271747499682,0.009595252605661039,0.5593271747499682,0.009595252605661039,0.0003534704501169272,1.0
63.0,GNN-CORO,1.8904914251644982,0.23616306449604269,2.7027055886400646,0.20215852107442028,2.7027055886400646,0.23616306449604269,0.07533568364879532,1.0
64.0,ZNN-CORO,0.3092990647709402,0.007420268827031654,0.2780364034584182,0.013790901324743612,0.3092990647709402,0.013790901324743612,0.0003590795773917143,1.0
64.0,GNN-CORO,3.720750136798985,0.10784603204783982,7.054674310545037,0.37745710327283694,7.054674310545037,0.37745710327283694,0.1589581335122803,0.0
65.0,ZNN-CORO,0.5618665880297935,0.003871071238852071,0.4524409452903983,0.007768233352878408,0.5618665880297935,0.007768233352878408,0.00014834993747129752,1.0
65.0,GNN-CORO,4.664366306098578,0.11448976122417356,3.8497413357333903,0.2567718360890856,4.664366306098578,0.2567718360890856,0.029332215830080503,1.0
66.0,ZNN-CORO,0.4643574692608613,0.007258891967075402,0.48132056102270143,0.01812868252430948,0.48132056102270143,0.01812868252430948,0.000485820722580442,1.0
66.0,GNN-CORO,8.151214145770426,0.19220145709229755,2.512812351041809,0.34511367347658223,8.151214145770426,0.34511367347658223,0.24210278399413945,0.0
67.0,ZNN-CORO,0.5246286569566118,0.009040587120257116,0.21965541334504007,0.011422928487363673,0.5246286569566118,0.011422928487363673,0.0005478957911967862,1.0
67.0,GNN-CORO,10.620051055136535,0.27307458267762785,8.43784293328399,0.5084045582669579,10.620051055136535,0.5084045582669579,0.1668623145295768,0.0
68.0,ZNN-CORO,0.9535255022823016,0.03026155599091195,0.8960654917811668,0.026438928399990413,0.9535255022823016,0.03026155599091195,0.0005500327002036408,1.0
68.0,GNN-CORO,2.4027818261047673,0.17804460815028433,14.251644473184996,0.14353348287875828,14.251644473184996,0.17804460815028433,0.18458315052568983,0.0
69.0,ZNN-CORO,0.3824194329984908,0.011772915616595454,0.4711971172358067,0.0036377097034018015,0.4711971172358067,0.011772915616595454,0.0003261431415390499,1.0
69.0,GNN-CORO,9.66047616016389,0.3117705342041608,3.9330322021629294,0.2741128957143266,9.66047616016389,0.3117705342041608,0.10829634977514875,0.0
70.0,ZNN-CORO,0.6121813608149782,0.016141868090140874,0.5777035143778552,0.010592922816466385,0.6121813608149782,0.016141868090140874,0.00011416842145004276,1.0
70.0,GNN-CORO,4.788774359365629,0.10734692966445888,12.662204978436176,0.21219925930210612,12.662204978436176,0.21219925930210612,0.17123121142225683,0.0
71.0,ZNN-CORO,0.40291924051082373,0.018911065047816235,0.3164676706341856,0.02175856779314572,0.40291924051082373,0.02175856779314572,0.00014934754241533103,1.0
71.0,GNN-CORO,15.093914510778685,0.49187964919242433,2.8133839991562293,0.3093474341707617,15.093914510778685,0.49187964919242433,0.36495691451776574,0.0
72.0,ZNN-CORO,0.23835130688124284,0.027657288454345813,0.25739446582504666,0.02080628037206757,0.25739446582504666,0.027657288454345813,0.0008012528469340763,1.0
72.0,GNN-CORO,5.0279230252190965,0.3126122769565866,1.427818633944786,0.3589394405671274,5.0279230252190965,0.3589394405671274,0.09260756856166374,0.0
73.0,ZNN-CORO,0.26201086432385795,0.012366665425859518,0.2838963081738019,0.010597006288357066,0.2838963081738019,0.012366665425859518,0.000472379645027621,1.0
73.0,GNN-CORO,2.4300411126781802,0.21047235057939398,1.9702969336861857,0.45416972640938763,2.4300411126781802,0.45416972640938763,0.2865778053776345,1.0
74.0,ZNN-CORO,0.6126082864171466,0.008873163580982276,0.62083008706161,0.008820540854563802,0.62083008706161,0.008873163580982276,0.0004104722818992564,1.0
74.0,GNN-CORO,3.69716168090913,0.21493749129190123,4.284861696881622,0.1995511620368684,4.284861696881622,0.21493749129190123,0.0765677287408504,1.0
75.0,ZNN-CORO,0.3904083135918137,0.00539273300023645,0.1105429298326566,0.008707926952821313,0.3904083135918137,0.008707926952821313,0.00025376212351849956,1.0
75.0,GNN-CORO,6.482349513989473,0.11427706114364715,2.505848093545005,0.1713444969835628,6.482349513989473,0.1713444969835628,0.027750853167961942,0.0
76.0,ZNN-CORO,0.19105868004745755,0.002655475603248211,0.2024664150313593,0.007001154362079216,0.2024664150313593,0.007001154362079216,0.0002798670252170485,1.0
76.0,GNN-CORO,2.675646907834948,0.2686158840573992,4.841401157856376,0.23109697368222182,4.841401157856376,0.2686158840573992,0.04890400876105893,1.0
77.0,ZNN-CORO,0.27130059382524613,0.01079103343189019,0.37507222187371836,0.011385945317347919,0.37507222187371836,0.011385945317347919,0.00024274315843601457,1.0
77.0,GNN-CORO,12.63043643083228,0.16949615293636167,10.79557210709832,0.21621575354556993,12.63043643083228,0.21621575354556993,0.1431809455373905,0.0
78.0,ZNN-CORO,0.9491319254849584,0.009279261822241284,1.0222180020468383,0.014169526129640193,1.0222180020468383,0.014169526129640193,0.00020051340731366105,1.0
78.0,GNN-CORO,9.846819693036965,0.1714761840421201,6.9697657890267175,0.49579421637782484,9.846819693036965,0.49579421637782484,0.24459610114587305,0.0
79.0,ZNN-CORO,0.36876467945444846,0.016747225754185722,0.24113449946217866,0.01623714201315393,0.36876467945444846,0.016747225754185722,0.00013550979785584811,1.0
79.0,GNN-CORO,10.410390459967777,0.3206714868817857,4.95115705323093,0.48774838611209,10.410390459967777,0.48774838611209,0.18086551498137018,0.0
80.0,ZNN-CORO,0.49998029146735884,0.01852057631843031,0.5022319754742125,0.02202021964593027,0.5022319754742125,0.02202021964593027,0.00047586415796680315,1.0
80.0,GNN-CORO,3.3754824264837113,0.3068732233464272,1.2763800646352976,0.28599279766112695,3.3754824264837113,0.3068732233464272,0.1594157124338017,1.0
81.0,ZNN-CORO,0.35130194890346095,0.011159325508740726,0.3941368010736143,0.01604961290900477,0.3941368010736143,0.01604961290900477,0.0001870187771138163,1.0
81.0,GNN-CORO,12.05669596748922,0.1560152229063564,6.47209806624967,0.050397621482524704,12.05669596748922,0.1560152229063564,0.09404905140588189,0.0
82.0,ZNN-CORO,0.07252394390950553,0.007502649813431945,0.22190618833267792,0.00414819087330239,0.22190618833267792,0.007502649813431945,0.00030244752787701707,1.0
82.0,GNN-CORO,0.08364453780919656,0.2606908264767507,0.3241957660655812,0.3255154126839392,0.3241957660655812,0.3255154126839392,0.06168277285243331,1.0
83.0,ZNN-CORO,0.7095587330895624,0.03230550782689219,0.5250300619352947,0.026546766740610378,0.7095587330895624,0.03230550782689219,0.0005315464849012696,1.0
83.0,GNN-CORO,12.04416829219345,0.14846489611369756,6.2222879824991955,0.19456102634042596,12.04416829219345,0.19456102634042596,0.09601301755786784,0.0
84.0,ZNN-CORO,0.23521932608622795,0.01986875052173651,0.3950301575828783,0.025620780955503474,0.3950301575828783,0.025620780955503474,0.0004097388729948366,1.0
84.0,GNN-CORO,14.202330239660514,0.3326812722002705,8.187983957747464,0.27316120561180113,14.202330239660514,0.3326812722002705,0.09601647067589246,0.0
85.0,ZNN-CORO,0.4081752479978221,0.01148099892898256,0.38381307364128314,0.011535917298399742,0.4081752479978221,0.011535917298399742,0.0002846644630333711,1.0
85.0,GNN-CORO,5.38044311437287,0.4024853215606115,7.584887325581224,0.22239912786942898,7.584887325581224,0.4024853215606115,0.09660119707555564,0.0
86.0,ZNN-CORO,0.4542969792334081,0.012851179040891638,0.23134197231927472,0.011441111010647743,0.4542969792334081,0.012851179040891638,0.0003201190695778311,1.0
86.0,GNN-CORO,16.241681971084795,0.26458068841083315,9.78274091870843,0.1332161174765303,16.241681971084795,0.26458068841083315,0.11907055837327653,0.0
87.0,ZNN-CORO,0.5599539483748188,0.014685774674460113,0.45389621873578273,0.012232982248032622,0.5599539483748188,0.014685774674460113,0.0002676224925065726,1.0
87.0,GNN-CORO,5.907663867298566,0.15573387454421186,6.013483623065668,0.2697152992695972,6.013483623065668,0.2697152992695972,0.1219452001515584,0.0
88.0,ZNN-CORO,0.29654713325799986,0.011268181192317397,0.1811114972544544,0.01227878412452055,0.29654713325799986,0.01227878412452055,0.0005102177167809753,1.0
88.0,GNN-CORO,11.133859386921872,0.16498284289647247,10.484725803137943,0.27125204848346957,11.133859386921872,0.27125204848346957,0.14255876362135445,0.0
89.0,ZNN-CORO,0.0840373795887903,0.02150164301059813,0.2941850085125182,0.02284540519026516,0.2941850085125182,0.02284540519026516,0.0003204067706667202,1.0
89.0,GNN-CORO,2.7275152988552036,0.3348422065345154,11.867770822092728,0.5560916316654492,11.867770822092728,0.5560916316654492,0.17955848212095546,0.0
90.0,ZNN-CORO,0.5001027714402616,0.012025541948215429,0.5657638129512046,0.013306896891970017,0.5657638129512046,0.013306896891970017,0.0003567870770153224,1.0
90.0,GNN-CORO,9.965661711318104,0.295651531153267,5.939437481603213,0.2844049979885889,9.965661711318104,0.295651531153267,0.19045213514461912,0.0
91.0,ZNN-CORO,0.2834053962060994,0.0032111579151778563,0.38406074384558275,0.00219991443416473,0.38406074384558275,0.0032111579151778563,0.0005265770624754994,1.0
91.0,GNN-CORO,12.495590451601569,0.12090989507582647,11.645428987699272,0.23920955247039322,12.495590451601569,0.23920955247039322,0.32968006801830335,0.0
92.0,ZNN-CORO,0.5138017189526711,0.016410001763892377,0.45903420327833167,0.011525926809395598,0.5138017189526711,0.016410001763892377,0.0004636278391533467,1.0
92.0,GNN-CORO,13.351823367847533,0.5199306001733158,10.53514383217096,0.3476050678618955,13.351823367847533,0.5199306001733158,0.3050339651117839,0.0
93.0,ZNN-CORO,1.0055362212271612,0.03773488389738254,0.9421625228502785,0.026132185183760512,1.0055362212271612,0.03773488389738254,0.00038147055669228344,1.0
93.0,GNN-CORO,5.212756966267183,0.10547068584947113,13.469700533227465,0.26234824370210197,13.469700533227465,0.26234824370210197,0.14048282781867108,0.0
94.0,ZNN-CORO,0.5195893721300915,0.0175270960763891,0.5005389915786196,0.02307157478850599,0.5195893721300915,0.02307157478850599,0.0004095189962300206,1.0
94.0,GNN-CORO,3.687769383290257,0.31987348524706777,14.058222398146357,0.38483471634945027,14.058222398146357,0.38483471634945027,0.4116594709470108,0.0
95.0,ZNN-CORO,0.6525681847283711,0.011896738617803644,0.5584170602084367,0.014166363663476683,0.6525681847283711,0.014166363663476683,0.0002854479143288973,1.0
95.0,GNN-CORO,7.240260263415941,0.2366833700039245,1.757460622668298,0.46448060150709014,7.240260263415941,0.46448060150709014,0.11361586741709,0.0
96.0,ZNN-CORO,0.534623721370983,0.0034625249357775425,0.13959602521964026,0.009119165334208602,0.534623721370983,0.009119165334208602,0.0004062164550420303,1.0
96.0,GNN-CORO,10.44267256904911,0.4793139891655534,15.48140627986657,0.5726031714713892,15.48140627986657,0.5726031714713892,0.37799596064292373,0.0
97.0,ZNN-CORO,0.7642315487880897,0.022182324345804538,0.7391399267789104,0.02114032663100652,0.7642315487880897,0.022182324345804538,0.0010625054203820072,1.0
97.0,GNN-CORO,14.733712366513794,0.5258482351753591,8.006552450627035,0.34598268783233377,14.733712366513794,0.5258482351753591,0.16297211060573283,0.0
98.0,ZNN-CORO,1.0061508674785742,0.040090034062499856,0.6559235689736473,0.03375974896267303,1.0061508674785742,0.040090034062499856,0.0003719345263238607,1.0
98.0,GNN-CORO,9.256686594903496,0.3670454093023127,6.603218999484876,0.08169989149080097,9.256686594903496,0.3670454093023127,0.2219202646068309,0.0
99.0,ZNN-CORO,0.27912655923751106,0.01349873149157209,0.20010859988270793,0.012411488608748888,0.27912655923751106,0.01349873149157209,0.00014420317673583604,1.0
99.0,GNN-CORO,2.0078660838341955,0.2547634498174076,1.0288746156369046,0.3513621912272412,2.0078660838341955,0.3513621912272412,0.17057156935818266,1.0
100.0,ZNN-CORO,0.10273026977864691,0.008944632443651701,0.14967221741968703,0.007635638922234819,0.14967221741968703,0.008944632443651701,0.00028780179977706144,1.0
100.0,GNN-CORO,1.202845358475865,0.13909137268608895,1.3139902401582988,0.15627675773053556,1.3139902401582988,0.15627675773053556,0.00982396028750379,1.0
101.0,ZNN-CORO,0.4412713872229875,0.01744354818454387,0.26510845945250433,0.02778908213598405,0.4412713872229875,0.02778908213598405,0.0007034908922362981,1.0
101.0,GNN-CORO,5.250934383751239,0.28026365604604614,10.994812037271814,0.15712494642910071,10.994812037271814,0.28026365604604614,0.17112190065740482,0.0
102.0,ZNN-CORO,0.3502968402122463,0.004554111641750696,0.4539005638664875,0.007925593330721457,0.4539005638664875,0.007925593330721457,0.0002759552296545072,1.0
102.0,GNN-CORO,3.1922535762497697,0.19827474975710585,8.339258938732685,0.24221867951055173,8.339258938732685,0.24221867951055173,0.07044145982212976,0.0
103.0,ZNN-CORO,0.27827772508441495,0.016420232455282187,0.53746979354193,0.011852436139097002,0.53746979354193,0.016420232455282187,0.00032990867890766187,1.0
103.0,GNN-CORO,8.813397276497211,0.11528115740083228,9.885884474746401,0.24798184309944277,9.885884474746401,0.24798184309944277,0.08303199513697772,0.0
104.0,ZNN-CORO,0.4775604942485405,0.004656584269182329,0.4839982489424766,0.010908744246229361,0.4839982489424766,0.010908744246229361,0.0001961707264762169,1.0
104.0,GNN-CORO,10.6718855330322,0.1487464689512261,6.24698939524743,0.2688238390292102,10.6718855330322,0.2688238390292102,0.20155719794632035,0.0
105.0,ZNN-CORO,0.6429282832294917,0.03966426790088115,0.5921172345022635,0.03977322110967865,0.6429282832294917,0.03977322110967865,0.0005789361332679038,1.0
105.0,GNN-CORO,1.7479126281695252,0.3564922425052363,3.13240799596892,0.24425029738476906,3.13240799596892,0.3564922425052363,0.03561152757383234,1.0
106.0,ZNN-CORO,0.3355412462482135,0.017936564994174762,0.36876563701457166,0.013945268844358002,0.36876563701457166,0.017936564994174762,0.0003117270745045089,1.0
106.0,GNN-CORO,1.8992886478718691,0.2515313272701519,2.207545221452626,0.31495701878955557,2.207545221452626,0.31495701878955557,0.05092383953676246,1.0
107.0,ZNN-CORO,0.41323763747606296,0.011712895685588308,0.2765270724364385,0.008094235104229745,0.41323763747606296,0.011712895685588308,0.0003834278445845607,1.0
107.0,GNN-CORO,14.220866106338615,0.14123985600919797,11.145810506115911,0.21391814501768036,14.220866106338615,0.21391814501768036,0.11461099751305533,0.0
108.0,ZNN-CORO,0.6564799594339271,0.010347032311234971,0.5927749584006107,0.014066451765061926,0.6564799594339271,0.014066451765061926,0.00038907298852743424,1.0
108.0,GNN-CORO,13.61233930048629,0.3581428500701523,3.8015028487863756,0.17207571204966066,13.61233930048629,0.3581428500701523,0.23075702773389217,0.0
109.0,ZNN-CORO,0.5906500685674174,0.010171738794863563,0.323107080164566,0.0013157707685914274,0.5906500685674174,0.010171738794863563,0.0003558653333567046,1.0
109.0,GNN-CORO,5.073829628787921,0.3263033292197494,6.476282891888778,0.2399109038293521,6.476282891888778,0.3263033292197494,0.2518080192583425,0.0
110.0,ZNN-CORO,0.47090958188787563,0.009850639242488135,0.42745739727286114,0.011973058098772044,0.47090958188787563,0.011973058098772044,0.0002551784741993101,1.0
110.0,GNN-CORO,9.284045750770495,0.21834152988226463,2.4834830824507232,0.2080985730765842,9.284045750770495,0.21834152988226463,0.11495430504662245,0.0
111.0,ZNN-CORO,0.10308963514916354,0.012851617809359003,0.20966962789269503,0.0210856153087027,0.20966962789269503,0.0210856153087027,0.00032693520491747295,1.0
111.0,GNN-CORO,10.388834172714882,0.3364140042521644,11.25945759767507,0.19472517837230047,11.25945759767507,0.3364140042521644,0.1498431390029281,0.0
112.0,ZNN-CORO,0.4103243080317215,0.013610367453328541,0.4371050784954426,0.014299634851608475,0.4371050784954426,0.014299634851608475,0.0002461317768693039,1.0
112.0,GNN-CORO,8.229966747684438,0.1522085146732873,2.99101501318695,0.12910211693473117,8.229966747684438,0.1522085146732873,0.06765496545789025,0.0
113.0,ZNN-CORO,0.33690503369844294,0.009575252338880921,0.436450785098088,0.005545580035742068,0.436450785098088,0.009575252338880921,0.00019925800764084969,1.0
113.0,GNN-CORO,6.039479242282499,0.22406471177413922,1.1843383875580487,0.2445228587114469,6.039479242282499,0.2445228587114469,0.051878600681462876,0.0
114.0,ZNN-CORO,1.2367829362497977,0.011221855958286939,1.0248570565609065,0.011084273781787743,1.2367829362497977,0.011221855958286939,0.0003334391739211983,1.0
114.0,GNN-CORO,1.8657891678692575,0.3414503289022802,7.812672217404926,0.22918058728412813,7.812672217404926,0.3414503289022802,0.21272718727708326,0.0
115.0,ZNN-CORO,0.3759638032969064,0.022090429412774785,0.2010522939093942,0.020774615948329328,0.3759638032969064,0.022090429412774785,0.00033595689097225316,1.0
115.0,GNN-CORO,6.7681795362076915,0.37131883365105284,8.038959328521024,0.24117838104672076,8.038959328521024,0.37131883365105284,0.2231910679362691,0.0
116.0,ZNN-CORO,0.19752757863016726,0.008281090588789855,0.23166686308719842,0.014919467792826808,0.23166686308719842,0.014919467792826808,0.000288668430373012,1.0
116.0,GNN-CORO,10.65225447467394,0.1523007047311678,15.548202497575051,0.2847672439855363,15.548202497575051,0.2847672439855363,0.19323084389420542,0.0
117.0,ZNN-CORO,0.3114754529662157,0.01736767858396475,0.5004122274440161,0.011536040480942608,0.5004122274440161,0.01736767858396475,0.00041870985222653513,1.0
117.0,GNN-CORO,10.167911429448463,0.4035405626590076,3.0794031071694525,0.41333067910563265,10.167911429448463,0.41333067910563265,0.14138009226402823,0.0
118.0,ZNN-CORO,0.23190569522591664,0.035108239394922226,0.23007240486169156,0.02817466469803468,0.23190569522591664,0.035108239394922226,0.00030204408178459235,1.0
118.0,GNN-CORO,13.608153305541084,0.1879218871205906,7.649060648352108,0.2759021259130894,13.608153305541084,0.2759021259130894,0.14346798670134867,0.0
119.0,ZNN-CORO,0.6596751653289271,0.04010503063017292,0.48296114268979035,0.04080986015831742,0.6596751653289271,0.04080986015831742,0.0003053018537232313,1.0
119.0,GNN-CORO,12.660955136331731,0.17956228310014824,3.086463366585215,0.41155493488312345,12.660955136331731,0.41155493488312345,0.15660209880025414,0.0
