problem,method,trial,iteration,loss,residual_norm,mass_condition
hand_eye,ZNN-SVD,0.0,0.0,0.05790593599388703,0.6196389802926536,6.151787198296073
hand_eye,ZNN-SVD,0.0,1.0,0.052391043136305805,0.5894366937706901,6.151787198296073
hand_eye,ZNN-SVD,0.0,2.0,0.047395605269982516,0.5606659065948587,6.151787198296073
hand_eye,ZNN-SVD,0.0,3.0,0.04287218374413928,0.5332669421780195,6.151787198296073
hand_eye,ZNN-SVD,0.0,4.0,0.03877739295202167,0.5071815281187156,6.151787198296073
hand_eye,ZNN-SVD,0.0,5.0,0.03507160657644944,0.48235293894837017,6.151787198296073
hand_eye,ZNN-SVD,0.0,6.0,0.03171867486517527,0.45872610505474465,6.151787198296073
hand_eye,ZNN-SVD,0.0,7.0,0.028685654810761487,0.4362476924764777,6.151787198296073
hand_eye,ZNN-SVD,0.0,8.0,0.025942554462017733,0.4148661577720806,6.151787198296073
hand_eye,ZNN-SVD,0.0,9.0,0.023462092074874014,0.39453178170092507,6.151787198296073
hand_eye,ZNN-SVD,0.0,10.0,0.02121947040038268,0.3751966850189965,6.151787198296073
hand_eye,ZNN-SVD,0.0,11.0,0.019192166088820285,0.35681482929146324,6.151787198296073
hand_eye,ZNN-SVD,0.0,12.0,0.017359733946107594,0.33934200525859115,6.151787198296073
hand_eye,ZNN-SVD,0.0,13.0,0.015703625598496255,0.3227358109609864,6.151787198296073
hand_eye,ZNN-SVD,0.0,14.0,0.01420702199208342,0.3069556215334352,6.151787198296073
hand_eye,ZNN-SVD,0.0,15.0,0.01285467906534187,0.29196255231193696,6.151787198296073
hand_eye,ZNN-SVD,0.0,16.0,0.011632785877175485,0.2777194166637457,6.151787198296073
hand_eye,ZNN-SVD,0.0,17.0,0.010528834443078052,0.2641906797429706,6.151787198296073
hand_eye,ZNN-SVD,0.0,18.0,0.009531500522039776,0.2513424091920588,6.151787198296073
hand_eye,ZNN-SVD,0.0,19.0,0.00863053460217457,0.2391422236499416,6.151787198296073
hand_eye,ZNN-SVD,0.0,20.0,0.007816662349787501,0.22755923978834044,6.151787198296073
hand_eye,ZNN-SVD,0.0,21.0,0.007081493811643579,0.2165640184765813,6.151787198296073
hand_eye,ZNN-SVD,0.0,22.0,0.006417440691047564,0.20612851057013315,6.151787198296073
hand_eye,ZNN-SVD,0.0,23.0,0.005817641053012599,0.19622600272717525,6.151787198296073
hand_eye,ZNN-SVD,0.0,24.0,0.005275890850729916,0.18683106357904075,6.151787198296073
hand_eye,ZNN-SVD,0.0,25.0,0.004786581703545697,0.177919490512927,6.151787198296073
hand_eye,ZNN-SVD,0.0,26.0,0.004344644394776216,0.1694682572674723,6.151787198296073
hand_eye,ZNN-SVD,0.0,27.0,0.003945497595262026,0.16145546249246975,6.151787198296073
hand_eye,ZNN-SVD,0.0,28.0,0.003585001355060386,0.1538602793822115,6.151787198296073
hand_eye,ZNN-SVD,0.0,29.0,0.0032594149407465765,0.14666290645682123,6.151787198296073
hand_eye,ZNN-SVD,0.0,30.0,0.0029653586291919416,0.13984451953680366,6.151787198296073
hand_eye,ZNN-SVD,0.0,31.0,0.0026997791002584745,0.13338722493234367,6.151787198296073
hand_eye,ZNN-SVD,0.0,32.0,0.002459918100512958,0.1272740138502391,6.151787198296073
hand_eye,ZNN-SVD,0.0,33.0,0.002243284077792943,0.12148871800738426,6.151787198296073
hand_eye,ZNN-SVD,0.0,34.0,0.0020476265122643888,0.11601596643030503,6.151787198296073
hand_eye,ZNN-SVD,0.0,35.0,0.001870912693540593,0.11084114341518822,6.151787198296073
hand_eye,ZNN-SVD,0.0,36.0,0.0017113067155509981,0.10595034762209866,6.151787198296073
hand_eye,ZNN-SVD,0.0,37.0,0.0015671504812355926,0.10133035228057777,6.151787198296073
hand_eye,ZNN-SVD,0.0,38.0,0.0014369465278870638,0.09696856649148496,6.151787198296073
hand_eye,ZNN-SVD,0.0,39.0,0.0013193425011647421,0.0928529976216298,6.151787198296073
hand_eye,ZNN-SVD,0.0,40.0,0.0012131171215588887,0.0889722148032095,6.151787198296073
hand_eye,ZNN-SVD,0.0,41.0,0.0011171675014905497,0.08531531356886254,6.151787198296073
hand_eye,ZNN-SVD,0.0,42.0,0.0010304976843867606,0.08187188167462192,6.151787198296073
hand_eye,ZNN-SVD,0.0,43.0,0.0009522082890675399,0.0786319661862818,6.151787198296073
hand_eye,ZNN-SVD,0.0,44.0,0.000881487153709192,0.07558604192842246,6.151787198296073
hand_eye,ZNN-SVD,0.0,45.0,0.0008176008835938438,0.07272498141804615,6.151787198296073
hand_eye,ZNN-SVD,0.0,46.0,0.0007598872158975571,0.07004002642463142,6.151787198296073
hand_eye,ZNN-SVD,0.0,47.0,0.0007077481229850386,0.06752276131339233,6.151787198296073
hand_eye,ZNN-SVD,0.0,48.0,0.000660643583138095,0.06516508833654899,6.151787198296073
hand_eye,ZNN-SVD,0.0,49.0,0.0006180859544127323,0.06295920503650422,6.151787198296073
hand_eye,ZNN-SVD,0.0,50.0,0.0005796348934577149,0.060897583913291545,6.151787198296073
hand_eye,ZNN-SVD,0.0,51.0,0.0005448927666893652,0.05897295448547822,6.151787198296073
hand_eye,ZNN-SVD,0.0,52.0,0.0005135005062601957,0.05717828783844607,6.151787198296073
hand_eye,ZNN-SVD,0.0,53.0,0.00048513386782017125,0.05550678370759012,6.151787198296073
hand_eye,ZNN-SVD,0.0,54.0,0.00045950005120476005,0.05395186008768397,6.151787198296073
hand_eye,ZNN-SVD,0.0,55.0,0.00043633464892307524,0.052507145296888484,6.151787198296073
hand_eye,ZNN-SVD,0.0,56.0,0.0004153988907037635,0.051166472357769964,6.151787198296073
hand_eye,ZNN-SVD,0.0,57.0,0.00039647715541770936,0.049923875492819854,6.151787198296073
hand_eye,ZNN-SVD,0.0,58.0,0.000379374724465088,0.04877358847272014,6.151787198296073
hand_eye,ZNN-SVD,0.0,59.0,0.000363915753217781,0.04771004450627274,6.151787198296073
hand_eye,ZNN-SVD,0.0,60.0,0.00034994143937126576,0.04672787732506889,6.151787198296073
hand_eye,ZNN-SVD,0.0,61.0,0.00033730836910577923,0.045821923096129376,6.151787198296073
hand_eye,ZNN-SVD,0.0,62.0,0.0003258870238053203,0.04498722279308509,6.151787198296073
hand_eye,ZNN-SVD,0.0,63.0,0.0003155604317538508,0.044219024670744574,6.151787198296073
hand_eye,ZNN-SVD,0.0,64.0,0.0003062229507375074,0.04351278651756408,6.151787198296073
hand_eye,ZNN-SVD,0.0,65.0,0.0002977791688456094,0.042864177402873946,6.151787198296073
hand_eye,ZNN-SVD,0.0,66.0,0.0002901429119952972,0.0422690786873059,6.151787198296073
hand_eye,ZNN-SVD,0.0,67.0,0.00028323634781753554,0.04172358412183433,6.151787198296073
hand_eye,ZNN-SVD,0.0,68.0,0.0002769891765475739,0.04122399891938199,6.151787198296073
hand_eye,ZNN-SVD,0.0,69.0,0.00027133790047097645,0.04076683773958245,6.151787198296073
hand_eye,ZNN-SVD,0.0,70.0,0.0002662251642962269,0.04034882157914724,6.151787198296073
hand_eye,ZNN-SVD,0.0,71.0,0.00026159915956564184,0.039966873605241704,6.151787198296073
hand_eye,ZNN-SVD,0.0,72.0,0.00025741308688500604,0.0396181140060181,6.151787198296073
hand_eye,ZNN-SVD,0.0,73.0,0.00025362467035633835,0.0392998539604161,6.151787198296073
hand_eye,ZNN-SVD,0.0,74.0,0.00025019571914351154,0.03900958884861551,6.151787198296073
hand_eye,ZNN-SVD,0.0,75.0,0.0002470917315929131,0.0387449908357334,6.151787198296073
hand_eye,ZNN-SVD,0.0,76.0,0.0002442815377759715,0.03850390096545383,6.151787198296073
hand_eye,ZNN-SVD,0.0,77.0,0.00024173697672186766,0.03828432089845436,6.151787198296073
hand_eye,ZNN-SVD,0.0,78.0,0.00023943260497120175,0.038084404424005534,6.151787198296073
hand_eye,ZNN-SVD,0.0,79.0,0.00023734543340877848,0.03790244886319627,6.151787198296073
hand_eye,ZNN-SVD,0.0,80.0,0.0002354546896291043,0.03773688647003983,6.151787198296073
hand_eye,ZNN-SVD,0.0,81.0,0.00023374160335507056,0.037586275923196084,6.151787198296073
hand_eye,ZNN-SVD,0.0,82.0,0.00023218921267112173,0.037449293987075714,6.151787198296073
hand_eye,ZNN-SVD,0.0,83.0,0.00023078218904978032,0.037324727407266244,6.151787198296073
hand_eye,ZNN-SVD,0.0,84.0,0.00022950667934668295,0.03721146509207454,6.151787198296073
hand_eye,ZNN-SVD,0.0,85.0,0.00022835016311661925,0.037108490619804285,6.151787198296073
hand_eye,ZNN-SVD,0.0,86.0,0.0002273013237631031,0.037014875100420334,6.151787198296073
hand_eye,ZNN-SVD,0.0,87.0,0.0002263499321785241,0.03692977041058641,6.151787198296073
hand_eye,ZNN-SVD,0.0,88.0,0.00022548674166234263,0.03685240281272224,6.151787198296073
hand_eye,ZNN-SVD,0.0,89.0,0.00022470339302267967,0.036782066961687426,6.151787198296073
hand_eye,ZNN-SVD,0.0,90.0,0.00022399232887285354,0.03671812029687903,6.151787198296073
hand_eye,ZNN-SVD,0.0,91.0,0.0002233467162305594,0.0366599778128291,6.151787198296073
hand_eye,ZNN-SVD,0.0,92.0,0.0002227603766139708,0.03660710719769269,6.151787198296073
hand_eye,ZNN-SVD,0.0,93.0,0.00022222772290731991,0.03655902432620189,6.151787198296073
hand_eye,ZNN-SVD,0.0,94.0,0.00022174370233922773,0.03651528909161089,6.151787198296073
hand_eye,ZNN-SVD,0.0,95.0,0.00022130374498071636,0.036475501559750545,6.151787198296073
hand_eye,ZNN-SVD,0.0,96.0,0.00022090371722752886,0.03643929842744368,6.151787198296073
hand_eye,ZNN-SVD,0.0,97.0,0.0002205398797833439,0.03640634976711031,6.151787198296073
hand_eye,ZNN-SVD,0.0,98.0,0.00022020884970739866,0.036376356039329504,6.151787198296073
hand_eye,ZNN-SVD,0.0,99.0,0.00021990756613240566,0.03634904535533762,6.151787198296073
hand_eye,ZNN-CORO,0.0,0.0,0.05790593599386753,0.6196389802926536,6.151787198296073
hand_eye,ZNN-CORO,0.0,1.0,0.05239104313628681,0.5894366937705907,6.151787198296073
hand_eye,ZNN-CORO,0.0,2.0,0.04739560526996408,0.5606659065947572,6.151787198296073
hand_eye,ZNN-CORO,0.0,3.0,0.042872183744121516,0.5332669421779157,6.151787198296073
hand_eye,ZNN-CORO,0.0,4.0,0.0387773929520046,0.5071815281186105,6.151787198296073
hand_eye,ZNN-CORO,0.0,5.0,0.03507160657643305,0.4823529389482639,6.151787198296073
hand_eye,ZNN-CORO,0.0,6.0,0.03171867486515959,0.45872610505463746,6.151787198296073
hand_eye,ZNN-CORO,0.0,7.0,0.028685654810746582,0.43624769247637,6.151787198296073
hand_eye,ZNN-CORO,0.0,8.0,0.025942554462003553,0.41486615777197283,6.151787198296073
hand_eye,ZNN-CORO,0.0,9.0,0.02346209207486054,0.3945317817008171,6.151787198296073
hand_eye,ZNN-CORO,0.0,10.0,0.02121947040036992,0.37519668501888886,6.151787198296073
hand_eye,ZNN-CORO,0.0,11.0,0.019192166088808197,0.356814829291356,6.151787198296073
hand_eye,ZNN-CORO,0.0,12.0,0.017359733946096193,0.33934200525848435,6.151787198296073
hand_eye,ZNN-CORO,0.0,13.0,0.0157036255984855,0.3227358109608804,6.151787198296073
hand_eye,ZNN-CORO,0.0,14.0,0.014207021992073241,0.30695562153333006,6.151787198296073
hand_eye,ZNN-CORO,0.0,15.0,0.012854679065332282,0.2919625523118324,6.151787198296073
hand_eye,ZNN-CORO,0.0,16.0,0.011632785877166452,0.2777194166636423,6.151787198296073
hand_eye,ZNN-CORO,0.0,17.0,0.010528834443069563,0.26419067974286814,6.151787198296073
hand_eye,ZNN-CORO,0.0,18.0,0.009531500522031758,0.25134240919195733,6.151787198296073
hand_eye,ZNN-CORO,0.0,19.0,0.008630534602167063,0.23914222364984103,6.151787198296073
hand_eye,ZNN-CORO,0.0,20.0,0.007816662349780453,0.22755923978824147,6.151787198296073
hand_eye,ZNN-CORO,0.0,21.0,0.0070814938116369455,0.21656401847648368,6.151787198296073
hand_eye,ZNN-CORO,0.0,22.0,0.006417440691041335,0.20612851057003656,6.151787198296073
hand_eye,ZNN-CORO,0.0,23.0,0.0058176410530067085,0.19622600272708007,6.151787198296073
hand_eye,ZNN-CORO,0.0,24.0,0.005275890850724388,0.18683106357894624,6.151787198296073
hand_eye,ZNN-CORO,0.0,25.0,0.004786581703540472,0.17791949051283365,6.151787198296073
hand_eye,ZNN-CORO,0.0,26.0,0.004344644394771294,0.16946825726737993,6.151787198296073
hand_eye,ZNN-CORO,0.0,27.0,0.00394549759525739,0.16145546249237827,6.151787198296073
hand_eye,ZNN-CORO,0.0,28.0,0.00358500135505603,0.15386027938212102,6.151787198296073
hand_eye,ZNN-CORO,0.0,29.0,0.0032594149407424687,0.1466629064567322,6.151787198296073
hand_eye,ZNN-CORO,0.0,30.0,0.0029653586291880697,0.1398445195367155,6.151787198296073
hand_eye,ZNN-CORO,0.0,31.0,0.002699779100254831,0.13338722493225666,6.151787198296073
hand_eye,ZNN-CORO,0.0,32.0,0.002459918100509513,0.1272740138501532,6.151787198296073
hand_eye,ZNN-CORO,0.0,33.0,0.002243284077789695,0.12148871800729927,6.151787198296073
hand_eye,ZNN-CORO,0.0,34.0,0.0020476265122613144,0.11601596643022107,6.151787198296073
hand_eye,ZNN-CORO,0.0,35.0,0.001870912693537676,0.11084114341510504,6.151787198296073
hand_eye,ZNN-CORO,0.0,36.0,0.0017113067155482351,0.1059503476220161,6.151787198296073
hand_eye,ZNN-CORO,0.0,37.0,0.0015671504812329587,0.10133035228049588,6.151787198296073
hand_eye,ZNN-CORO,0.0,38.0,0.0014369465278845541,0.09696856649140356,6.151787198296073
hand_eye,ZNN-CORO,0.0,39.0,0.0013193425011623447,0.09285299762154875,6.151787198296073
hand_eye,ZNN-CORO,0.0,40.0,0.0012131171215565924,0.08897221480312865,6.151787198296073
hand_eye,ZNN-CORO,0.0,41.0,0.0011171675014883477,0.08531531356878179,6.151787198296073
hand_eye,ZNN-CORO,0.0,42.0,0.0010304976843846544,0.08187188167454133,6.151787198296073
hand_eye,ZNN-CORO,0.0,43.0,0.0009522082890655141,0.07863196618620129,6.151787198296073
hand_eye,ZNN-CORO,0.0,44.0,0.000881487153707243,0.07558604192834208,6.151787198296073
hand_eye,ZNN-CORO,0.0,45.0,0.0008176008835919661,0.07272498141796575,6.151787198296073
hand_eye,ZNN-CORO,0.0,46.0,0.0007598872158957485,0.07004002642455094,6.151787198296073
hand_eye,ZNN-CORO,0.0,47.0,0.0007077481229832934,0.06752276131331185,6.151787198296073
hand_eye,ZNN-CORO,0.0,48.0,0.0006606435831364036,0.06516508833646857,6.151787198296073
hand_eye,ZNN-CORO,0.0,49.0,0.0006180859544110934,0.06295920503642358,6.151787198296073
hand_eye,ZNN-CORO,0.0,50.0,0.000579634893455961,0.060897583913210845,6.151787198296073
hand_eye,ZNN-CORO,0.0,51.0,0.0005448927666875271,0.05897295448538898,6.151787198296073
hand_eye,ZNN-CORO,0.0,52.0,0.0005135005062582945,0.057178287838349676,6.151787198296073
hand_eye,ZNN-CORO,0.0,53.0,0.0004851338678182226,0.055506783707487226,6.151787198296073
hand_eye,ZNN-CORO,0.0,54.0,0.000459500051202778,0.053951860087575604,6.151787198296073
hand_eye,ZNN-CORO,0.0,55.0,0.0004363346489210664,0.05250714529677524,6.151787198296073
hand_eye,ZNN-CORO,0.0,56.0,0.0004153988907017422,0.051166472357652204,6.151787198296073
hand_eye,ZNN-CORO,0.0,57.0,0.0003964771554156889,0.049923875492698465,6.151787198296073
hand_eye,ZNN-CORO,0.0,58.0,0.0003793747244630718,0.04877358847259578,6.151787198296073
hand_eye,ZNN-CORO,0.0,59.0,0.0003639157532157711,0.047710044506145945,6.151787198296073
hand_eye,ZNN-CORO,0.0,60.0,0.00034994143936926996,0.046727877324939854,6.151787198296073
hand_eye,ZNN-CORO,0.0,61.0,0.00033730836910380175,0.045821923095998696,6.151787198296073
hand_eye,ZNN-CORO,0.0,62.0,0.00032588702380336723,0.0449872227929533,6.151787198296073
hand_eye,ZNN-CORO,0.0,63.0,0.00031556043175192343,0.04421902467061223,6.151787198296073
hand_eye,ZNN-CORO,0.0,64.0,0.0003062229507356012,0.0435127865174313,6.151787198296073
hand_eye,ZNN-CORO,0.0,65.0,0.00029777916884373004,0.04286417740274053,6.151787198296073
hand_eye,ZNN-CORO,0.0,66.0,0.0002901429119934493,0.0422690786871724,6.151787198296073
hand_eye,ZNN-CORO,0.0,67.0,0.0002832363478157171,0.04172358412170148,6.151787198296073
hand_eye,ZNN-CORO,0.0,68.0,0.00027698917654578385,0.041223998919249646,6.151787198296073
hand_eye,ZNN-CORO,0.0,69.0,0.0002713379004692131,0.04076683773945073,6.151787198296073
hand_eye,ZNN-CORO,0.0,70.0,0.0002662251642944907,0.0403488215790162,6.151787198296073
hand_eye,ZNN-CORO,0.0,71.0,0.0002615991595639302,0.03996687360511134,6.151787198296073
hand_eye,ZNN-CORO,0.0,72.0,0.0002574130868833225,0.039618114005888536,6.151787198296073
hand_eye,ZNN-CORO,0.0,73.0,0.00025362467035468234,0.03929985396028765,6.151787198296073
hand_eye,ZNN-CORO,0.0,74.0,0.0002501957191418797,0.03900958884848811,6.151787198296073
hand_eye,ZNN-CORO,0.0,75.0,0.00024709173159130393,0.03874499083560709,6.151787198296073
hand_eye,ZNN-CORO,0.0,76.0,0.0002442815377743884,0.03850390096532853,6.151787198296073
hand_eye,ZNN-CORO,0.0,77.0,0.00024173697672030735,0.03828432089833022,6.151787198296073
hand_eye,ZNN-CORO,0.0,78.0,0.00023943260496966663,0.03808440442388255,6.151787198296073
hand_eye,ZNN-CORO,0.0,79.0,0.0002373454334072642,0.03790244886307477,6.151787198296073
hand_eye,ZNN-CORO,0.0,80.0,0.0002354546896276101,0.03773688646991939,6.151787198296073
hand_eye,ZNN-CORO,0.0,81.0,0.00023374160335359642,0.03758627592307677,6.151787198296073
hand_eye,ZNN-CORO,0.0,82.0,0.00023218921266966622,0.03744929398695746,6.151787198296073
hand_eye,ZNN-CORO,0.0,83.0,0.00023078218904834467,0.03732472740714922,6.151787198296073
hand_eye,ZNN-CORO,0.0,84.0,0.0002295066793452651,0.03721146509195876,6.151787198296073
hand_eye,ZNN-CORO,0.0,85.0,0.0002283501631152175,0.03710849061968962,6.151787198296073
hand_eye,ZNN-CORO,0.0,86.0,0.00022730132376171962,0.03701487510030662,6.151787198296073
hand_eye,ZNN-CORO,0.0,87.0,0.00022634993217715256,0.03692977041047392,6.151787198296073
hand_eye,ZNN-CORO,0.0,88.0,0.00022548674166098765,0.03685240281261063,6.151787198296073
hand_eye,ZNN-CORO,0.0,89.0,0.00022470339302133806,0.036782066961576855,6.151787198296073
hand_eye,ZNN-CORO,0.0,90.0,0.0002239923288715263,0.0367181202967694,6.151787198296073
hand_eye,ZNN-CORO,0.0,91.0,0.00022334671622924578,0.0366599778127205,6.151787198296073
hand_eye,ZNN-CORO,0.0,92.0,0.00022276037661266742,0.036607107197584976,6.151787198296073
hand_eye,ZNN-CORO,0.0,93.0,0.00022222772290602877,0.03655902432609501,6.151787198296073
hand_eye,ZNN-CORO,0.0,94.0,0.00022174370233794862,0.03651528909150483,6.151787198296073
hand_eye,ZNN-CORO,0.0,95.0,0.0002213037449794458,0.03647550155964537,6.151787198296073
hand_eye,ZNN-CORO,0.0,96.0,0.00022090371722626733,0.03643929842733909,6.151787198296073
hand_eye,ZNN-CORO,0.0,97.0,0.00022053987978209221,0.03640634976700633,6.151787198296073
hand_eye,ZNN-CORO,0.0,98.0,0.00022020884970615703,0.03637635603922632,6.151787198296073
hand_eye,ZNN-CORO,0.0,99.0,0.00021990756613117255,0.03634904535523513,6.151787198296073
hand_eye,GNN-SVD,0.0,0.0,0.06389002608355793,0.6196389802926536,
hand_eye,GNN-SVD,0.0,1.0,0.06378813931326273,0.619144697547631,
hand_eye,GNN-SVD,0.0,2.0,0.06368641708041603,0.6186508190244125,
hand_eye,GNN-SVD,0.0,3.0,0.06358485912700303,0.6181573444378835,
hand_eye,GNN-SVD,0.0,4.0,0.06348346519537847,0.6176642735030238,
hand_eye,GNN-SVD,0.0,5.0,0.06338223502826645,0.6171716059349058,
hand_eye,GNN-SVD,0.0,6.0,0.06328116836876026,0.6166793414486971,
hand_eye,GNN-SVD,0.0,7.0,0.06318026496032139,0.6161874797596602,
hand_eye,GNN-SVD,0.0,8.0,0.06307952454677941,0.6156960205831513,
hand_eye,GNN-SVD,0.0,9.0,0.06297894687233202,0.6152049636346221,
hand_eye,GNN-SVD,0.0,10.0,0.06287853168154385,0.6147143086296203,
hand_eye,GNN-SVD,0.0,11.0,0.06277827871934653,0.614224055283789,
hand_eye,GNN-SVD,0.0,12.0,0.0626781877310383,0.6137342033128665,
hand_eye,GNN-SVD,0.0,13.0,0.06257825846228336,0.6132447524326888,
hand_eye,GNN-SVD,0.0,14.0,0.0624784906591118,0.6127557023591867,
hand_eye,GNN-SVD,0.0,15.0,0.062378884067918895,0.6122670528083891,
hand_eye,GNN-SVD,0.0,16.0,0.06227943843546479,0.6117788034964218,
hand_eye,GNN-SVD,0.0,17.0,0.06218015350887443,0.611290954139507,
hand_eye,GNN-SVD,0.0,18.0,0.06208102903563651,0.6108035044539665,
hand_eye,GNN-SVD,0.0,19.0,0.06198206476360352,0.6103164541562178,
hand_eye,GNN-SVD,0.0,20.0,0.06188326044099144,0.6098298029627782,
hand_eye,GNN-SVD,0.0,21.0,0.06178461581637889,0.6093435505902632,
hand_eye,GNN-SVD,0.0,22.0,0.061686130638707336,0.6088576967553859,
hand_eye,GNN-SVD,0.0,23.0,0.06158780465727995,0.6083722411749601,
hand_eye,GNN-SVD,0.0,24.0,0.061489637621761926,0.6078871835658979,
hand_eye,GNN-SVD,0.0,25.0,0.061391629282179526,0.6074025236452114,
hand_eye,GNN-SVD,0.0,26.0,0.061293779388920104,0.6069182611300118,
hand_eye,GNN-SVD,0.0,27.0,0.06119608769273139,0.6064343957375115,
hand_eye,GNN-SVD,0.0,28.0,0.06109855394472127,0.6059509271850224,
hand_eye,GNN-SVD,0.0,29.0,0.06100117789635718,0.6054678551899577,
hand_eye,GNN-SVD,0.0,30.0,0.06090395929946618,0.6049851794698307,
hand_eye,GNN-SVD,0.0,31.0,0.06080689790623392,0.6045028997422568,
hand_eye,GNN-SVD,0.0,32.0,0.06070999346920456,0.6040210157249527,
hand_eye,GNN-SVD,0.0,33.0,0.060613245741280554,0.6035395271357357,
hand_eye,GNN-SVD,0.0,34.0,0.060516654475721944,0.6030584336925264,
hand_eye,GNN-SVD,0.0,35.0,0.060420219426145956,0.6025777351133476,
hand_eye,GNN-SVD,0.0,36.0,0.06032394034652688,0.6020974311163234,
hand_eye,GNN-SVD,0.0,37.0,0.06022781699119528,0.6016175214196817,
hand_eye,GNN-SVD,0.0,38.0,0.06013184911483808,0.6011380057417529,
hand_eye,GNN-SVD,0.0,39.0,0.060036036472497604,0.600658883800971,
hand_eye,GNN-SVD,0.0,40.0,0.05994037881957171,0.6001801553158731,
hand_eye,GNN-SVD,0.0,41.0,0.05984487591181304,0.5997018200051007,
hand_eye,GNN-SVD,0.0,42.0,0.05974952750532867,0.5992238775873991,
hand_eye,GNN-SVD,0.0,43.0,0.05965433335657975,0.5987463277816174,
hand_eye,GNN-SVD,0.0,44.0,0.05955929322238126,0.5982691703067095,
hand_eye,GNN-SVD,0.0,45.0,0.059464406859901335,0.5977924048817345,
hand_eye,GNN-SVD,0.0,46.0,0.05936967402666093,0.5973160312258562,
hand_eye,GNN-SVD,0.0,47.0,0.05927509448053372,0.5968400490583433,
hand_eye,GNN-SVD,0.0,48.0,0.059180667979745194,0.5963644580985709,
hand_eye,GNN-SVD,0.0,49.0,0.05908639428287265,0.5958892580660194,
hand_eye,GNN-SVD,0.0,50.0,0.0589922731488447,0.5954144486802752,
hand_eye,GNN-SVD,0.0,51.0,0.05889830433694066,0.5949400296610308,
hand_eye,GNN-SVD,0.0,52.0,0.058804487606790655,0.5944660007280855,
hand_eye,GNN-SVD,0.0,53.0,0.05871082271837443,0.5939923616013458,
hand_eye,GNN-SVD,0.0,54.0,0.05861730943202189,0.593519112000824,
hand_eye,GNN-SVD,0.0,55.0,0.058523947508411674,0.5930462516466412,
hand_eye,GNN-SVD,0.0,56.0,0.058430736708571816,0.592573780259024,
hand_eye,GNN-SVD,0.0,57.0,0.058337676793878586,0.5921016975583088,
hand_eye,GNN-SVD,0.0,58.0,0.058244767526056236,0.5916300032649388,
hand_eye,GNN-SVD,0.0,59.0,0.058152008667176874,0.5911586970994653,
hand_eye,GNN-SVD,0.0,60.0,0.05805939997965986,0.5906877787825489,
hand_eye,GNN-SVD,0.0,61.0,0.05796694122627127,0.590217248034958,
hand_eye,GNN-SVD,0.0,62.0,0.057874632170123834,0.5897471045775703,
hand_eye,GNN-SVD,0.0,63.0,0.05778247257467623,0.5892773481313727,
hand_eye,GNN-SVD,0.0,64.0,0.057690462203732924,0.5888079784174611,
hand_eye,GNN-SVD,0.0,65.0,0.05759860082144356,0.5883389951570417,
hand_eye,GNN-SVD,0.0,66.0,0.05750688819230273,0.5878703980714298,
hand_eye,GNN-SVD,0.0,67.0,0.05741532408114939,0.5874021868820514,
hand_eye,GNN-SVD,0.0,68.0,0.057323908253166744,0.586934361310442,
hand_eye,GNN-SVD,0.0,69.0,0.05723264047388155,0.5864669210782484,
hand_eye,GNN-SVD,0.0,70.0,0.05714152050916388,0.5859998659072281,
hand_eye,GNN-SVD,0.0,71.0,0.057050548125226634,0.5855331955192493,
hand_eye,GNN-SVD,0.0,72.0,0.0569597230886253,0.5850669096362909,
hand_eye,GNN-SVD,0.0,73.0,0.05686904516625729,0.5846010079804446,
hand_eye,GNN-SVD,0.0,74.0,0.05677851412536188,0.5841354902739121,
hand_eye,GNN-SVD,0.0,75.0,0.056688129733519416,0.5836703562390085,
hand_eye,GNN-SVD,0.0,76.0,0.056597891758651375,0.58320560559816,
hand_eye,GNN-SVD,0.0,77.0,0.056507799969019494,0.5827412380739055,
hand_eye,GNN-SVD,0.0,78.0,0.056417854133225774,0.5822772533888964,
hand_eye,GNN-SVD,0.0,79.0,0.05632805402021168,0.5818136512658968,
hand_eye,GNN-SVD,0.0,80.0,0.05623839939925825,0.5813504314277838,
hand_eye,GNN-SVD,0.0,81.0,0.056148890039985244,0.5808875935975475,
hand_eye,GNN-SVD,0.0,82.0,0.05605952571235081,0.5804251374982923,
hand_eye,GNN-SVD,0.0,83.0,0.055970306186651435,0.5799630628532345,
hand_eye,GNN-SVD,0.0,84.0,0.05588123123352118,0.5795013693857061,
hand_eye,GNN-SVD,0.0,85.0,0.05579230062393137,0.5790400568191524,
hand_eye,GNN-SVD,0.0,86.0,0.05570351412919026,0.5785791248771323,
hand_eye,GNN-SVD,0.0,87.0,0.055614871520942626,0.5781185732833202,
hand_eye,GNN-SVD,0.0,88.0,0.055526372571169345,0.5776584017615044,
hand_eye,GNN-SVD,0.0,89.0,0.055438017052186976,0.5771986100355891,
hand_eye,GNN-SVD,0.0,90.0,0.055349804736647384,0.5767391978295925,
hand_eye,GNN-SVD,0.0,91.0,0.05526173539753739,0.5762801648676487,
hand_eye,GNN-SVD,0.0,92.0,0.05517380880817833,0.5758215108740071,
hand_eye,GNN-SVD,0.0,93.0,0.05508602474222551,0.5753632355730334,
hand_eye,GNN-SVD,0.0,94.0,0.05499838297366824,0.5749053386892081,
hand_eye,GNN-SVD,0.0,95.0,0.05491088327682884,0.5744478199471293,
hand_eye,GNN-SVD,0.0,96.0,0.05482352542636282,0.5739906790715099,
hand_eye,GNN-SVD,0.0,97.0,0.05473630919725805,0.5735339157871807,
hand_eye,GNN-SVD,0.0,98.0,0.05464923436483463,0.5730775298190884,
hand_eye,GNN-SVD,0.0,99.0,0.054562300704744236,0.5726215208922975,
hand_eye,GNN-CORO,0.0,0.0,0.06389002608353636,0.6196389802926536,
hand_eye,GNN-CORO,0.0,1.0,0.06378813931324122,0.6191446975475267,
hand_eye,GNN-CORO,0.0,2.0,0.06368641708039456,0.6186508190243082,
hand_eye,GNN-CORO,0.0,3.0,0.0635848591269815,0.6181573444377793,
hand_eye,GNN-CORO,0.0,4.0,0.06348346519535693,0.6176642735029192,
hand_eye,GNN-CORO,0.0,5.0,0.06338223502824497,0.6171716059348012,
hand_eye,GNN-CORO,0.0,6.0,0.06328116836873876,0.6166793414485926,
hand_eye,GNN-CORO,0.0,7.0,0.06318026496029987,0.6161874797595555,
hand_eye,GNN-CORO,0.0,8.0,0.06307952454675803,0.6156960205830465,
hand_eye,GNN-CORO,0.0,9.0,0.0629789468723106,0.6152049636345176,
hand_eye,GNN-CORO,0.0,10.0,0.06287853168152244,0.6147143086295159,
hand_eye,GNN-CORO,0.0,11.0,0.06277827871932515,0.6142240552836845,
hand_eye,GNN-CORO,0.0,12.0,0.06267818773101688,0.6137342033127622,
hand_eye,GNN-CORO,0.0,13.0,0.06257825846226198,0.6132447524325841,
hand_eye,GNN-CORO,0.0,14.0,0.062478490659090447,0.6127557023590819,
hand_eye,GNN-CORO,0.0,15.0,0.06237888406789754,0.6122670528082844,
hand_eye,GNN-CORO,0.0,16.0,0.062279438435443514,0.6117788034963169,
hand_eye,GNN-CORO,0.0,17.0,0.062180153508853114,0.6112909541394025,
hand_eye,GNN-CORO,0.0,18.0,0.06208102903561518,0.6108035044538618,
hand_eye,GNN-CORO,0.0,19.0,0.061982064763582236,0.6103164541561132,
hand_eye,GNN-CORO,0.0,20.0,0.061883260440970124,0.6098298029626738,
hand_eye,GNN-CORO,0.0,21.0,0.061784615816357684,0.6093435505901583,
hand_eye,GNN-CORO,0.0,22.0,0.0616861306386861,0.6088576967552812,
hand_eye,GNN-CORO,0.0,23.0,0.061587804657258736,0.6083722411748556,
hand_eye,GNN-CORO,0.0,24.0,0.06148963762174068,0.6078871835657932,
hand_eye,GNN-CORO,0.0,25.0,0.06139162928215832,0.6074025236451065,
hand_eye,GNN-CORO,0.0,26.0,0.0612937793888989,0.606918261129907,
hand_eye,GNN-CORO,0.0,27.0,0.06119608769271017,0.6064343957374065,
hand_eye,GNN-CORO,0.0,28.0,0.06109855394470003,0.6059509271849174,
hand_eye,GNN-CORO,0.0,29.0,0.06100117789633602,0.6054678551898525,
hand_eye,GNN-CORO,0.0,30.0,0.060903959299445004,0.6049851794697256,
hand_eye,GNN-CORO,0.0,31.0,0.06080689790621277,0.6045028997421519,
hand_eye,GNN-CORO,0.0,32.0,0.06070999346918343,0.6040210157248475,
hand_eye,GNN-CORO,0.0,33.0,0.06061324574125948,0.6035395271356307,
hand_eye,GNN-CORO,0.0,34.0,0.06051665447570084,0.6030584336924216,
hand_eye,GNN-CORO,0.0,35.0,0.060420219426124876,0.6025777351132425,
hand_eye,GNN-CORO,0.0,36.0,0.06032394034650576,0.6020974311162184,
hand_eye,GNN-CORO,0.0,37.0,0.06022781699117421,0.6016175214195765,
hand_eye,GNN-CORO,0.0,38.0,0.06013184911481697,0.6011380057416476,
hand_eye,GNN-CORO,0.0,39.0,0.06003603647247655,0.6006588838008656,
hand_eye,GNN-CORO,0.0,40.0,0.059940378819550694,0.6001801553157678,
hand_eye,GNN-CORO,0.0,41.0,0.059844875911792016,0.5997018200049955,
hand_eye,GNN-CORO,0.0,42.0,0.05974952750530763,0.5992238775872938,
hand_eye,GNN-CORO,0.0,43.0,0.05965433335655874,0.598746327781512,
hand_eye,GNN-CORO,0.0,44.0,0.05955929322236028,0.5982691703066042,
hand_eye,GNN-CORO,0.0,45.0,0.05946440685988035,0.5977924048816291,
hand_eye,GNN-CORO,0.0,46.0,0.05936967402663997,0.5973160312257508,
hand_eye,GNN-CORO,0.0,47.0,0.059275094480512776,0.596840049058238,
hand_eye,GNN-CORO,0.0,48.0,0.0591806679797243,0.5963644580984658,
hand_eye,GNN-CORO,0.0,49.0,0.05908639428285176,0.5958892580659142,
hand_eye,GNN-CORO,0.0,50.0,0.05899227314882385,0.5954144486801698,
hand_eye,GNN-CORO,0.0,51.0,0.058898304336919866,0.5949400296609255,
hand_eye,GNN-CORO,0.0,52.0,0.05880448760676984,0.5944660007279804,
hand_eye,GNN-CORO,0.0,53.0,0.05871082271835362,0.5939923616012407,
hand_eye,GNN-CORO,0.0,54.0,0.05861730943200103,0.5935191120007188,
hand_eye,GNN-CORO,0.0,55.0,0.058523947508390885,0.5930462516465358,
hand_eye,GNN-CORO,0.0,56.0,0.05843073670855104,0.5925737802589187,
hand_eye,GNN-CORO,0.0,57.0,0.05833767679385776,0.5921016975582035,
hand_eye,GNN-CORO,0.0,58.0,0.05824476752603549,0.5916300032648332,
hand_eye,GNN-CORO,0.0,59.0,0.05815200866715614,0.5911586970993601,
hand_eye,GNN-CORO,0.0,60.0,0.058059399979639076,0.5906877787824435,
hand_eye,GNN-CORO,0.0,61.0,0.05796694122625051,0.5902172480348524,
hand_eye,GNN-CORO,0.0,62.0,0.05787463217010305,0.5897471045774648,
hand_eye,GNN-CORO,0.0,63.0,0.05778247257465551,0.589277348131267,
hand_eye,GNN-CORO,0.0,64.0,0.05769046220371219,0.5888079784173555,
hand_eye,GNN-CORO,0.0,65.0,0.05759860082142285,0.588338995156936,
hand_eye,GNN-CORO,0.0,66.0,0.05750688819228204,0.5878703980713242,
hand_eye,GNN-CORO,0.0,67.0,0.05741532408112877,0.5874021868819456,
hand_eye,GNN-CORO,0.0,68.0,0.05732390825314613,0.5869343613103364,
hand_eye,GNN-CORO,0.0,69.0,0.057232640473860924,0.586466921078143,
hand_eye,GNN-CORO,0.0,70.0,0.05714152050914326,0.5859998659071226,
hand_eye,GNN-CORO,0.0,71.0,0.05705054812520605,0.5855331955191435,
hand_eye,GNN-CORO,0.0,72.0,0.0569597230886047,0.5850669096361854,
hand_eye,GNN-CORO,0.0,73.0,0.056869045166236705,0.5846010079803388,
hand_eye,GNN-CORO,0.0,74.0,0.05677851412534127,0.5841354902738064,
hand_eye,GNN-CORO,0.0,75.0,0.056688129733498877,0.5836703562389027,
hand_eye,GNN-CORO,0.0,76.0,0.056597891758630836,0.5832056055980543,
hand_eye,GNN-CORO,0.0,77.0,0.05650779996899898,0.5827412380737997,
hand_eye,GNN-CORO,0.0,78.0,0.05641785413320524,0.5822772533887907,
hand_eye,GNN-CORO,0.0,79.0,0.056328054020191205,0.581813651265791,
hand_eye,GNN-CORO,0.0,80.0,0.0562383993992378,0.5813504314276781,
hand_eye,GNN-CORO,0.0,81.0,0.05614889003996477,0.5808875935974418,
hand_eye,GNN-CORO,0.0,82.0,0.056059525712330395,0.5804251374981865,
hand_eye,GNN-CORO,0.0,83.0,0.05597030618663106,0.5799630628531289,
hand_eye,GNN-CORO,0.0,84.0,0.0558812312335008,0.5795013693856006,
hand_eye,GNN-CORO,0.0,85.0,0.055792300623911,0.5790400568190467,
hand_eye,GNN-CORO,0.0,86.0,0.05570351412916991,0.5785791248770267,
hand_eye,GNN-CORO,0.0,87.0,0.05561487152092231,0.5781185732832146,
hand_eye,GNN-CORO,0.0,88.0,0.05552637257114903,0.577658401761399,
hand_eye,GNN-CORO,0.0,89.0,0.055438017052166666,0.5771986100354835,
hand_eye,GNN-CORO,0.0,90.0,0.055349804736627116,0.576739197829487,
hand_eye,GNN-CORO,0.0,91.0,0.05526173539751713,0.5762801648675431,
hand_eye,GNN-CORO,0.0,92.0,0.05517380880815805,0.5758215108739015,
hand_eye,GNN-CORO,0.0,93.0,0.055086024742205274,0.5753632355729277,
hand_eye,GNN-CORO,0.0,94.0,0.05499838297364798,0.5749053386891024,
hand_eye,GNN-CORO,0.0,95.0,0.054910883276808625,0.5744478199470234,
hand_eye,GNN-CORO,0.0,96.0,0.05482352542634262,0.5739906790714042,
hand_eye,GNN-CORO,0.0,97.0,0.054736309197237855,0.573533915787075,
hand_eye,GNN-CORO,0.0,98.0,0.05464923436481444,0.5730775298189827,
hand_eye,GNN-CORO,0.0,99.0,0.054562300704724113,0.5726215208921915,
