problem,method,rotation_error_deg,translation_error,loss,success_rot_le_5deg,trial
hand_eye,ZNN-SVD,1.0258755737614107,0.018234005417954852,0.00021990756613240566,1.0,0.0
rwhe,ZNN-SVD,0.4345294953024009,0.007205515643741355,0.00026529540961346817,1.0,0.0
axbycz,ZNN-SVD,0.7858225079917348,0.013589727870345583,0.00068457226682854,1.0,0.0
hand_eye,ZNN-CORO,1.0258755749630044,0.018234005417954852,0.00021990756613117255,1.0,0.0
rwhe,ZNN-CORO,0.43452949813574976,0.007205515643741331,0.00026529540961148414,1.0,0.0
axbycz,ZNN-CORO,0.7858225095575737,0.013589727870344862,0.0006845722668300918,1.0,0.0
hand_eye,GNN-SVD,15.88353523797206,0.2139455031198845,0.054562300704744236,0.0,0.0
rwhe,GNN-SVD,10.820710261679167,0.2973700238227462,0.1194844396020277,0.0,0.0
axbycz,GNN-SVD,13.203005793202005,0.4406875533201654,0.16325980069627336,0.0,0.0
hand_eye,GNN-CORO,15.883535238048294,0.21394550311988456,0.054562300704724113,0.0,0.0
rwhe,GNN-CORO,10.820710261792339,0.29737002382276667,0.11948443960197126,0.0,0.0
axbycz,GNN-CORO,13.203005793293409,0.44068755332017695,0.16325980069621368,0.0,0.0
hand_eye,ZNN-SVD,0.5333156139749483,0.006958918093902434,0.0007415659887218092,1.0,1.0
rwhe,ZNN-SVD,0.5749296432248909,0.008057207283894767,0.00030985879722966286,1.0,1.0
axbycz,ZNN-SVD,0.9277214789739779,0.027842797945117383,0.00034733866682278117,1.0,1.0
hand_eye,ZNN-CORO,0.5333156162821199,0.006958918093902409,0.00074156598872066,1.0,1.0
rwhe,ZNN-CORO,0.5749296453701436,0.008057207283894658,0.0003098587972286091,1.0,1.0
axbycz,ZNN-CORO,0.9277214802995456,0.02784279794511863,0.00034733866682491336,1.0,1.0
hand_eye,GNN-SVD,3.6072414450264096,0.14825077636210635,0.011493200306009069,1.0,1.0
rwhe,GNN-SVD,15.87550104002037,0.4144392069833295,0.29140153174753297,0.0,1.0
axbycz,GNN-SVD,16.535058463894106,0.3270436362296387,0.40783212331795526,0.0,1.0
hand_eye,GNN-CORO,3.607241445367332,0.14825077636210285,0.011493200306010523,1.0,1.0
rwhe,GNN-CORO,15.875501040096552,0.41443920698334297,0.29140153174744365,0.0,1.0
axbycz,GNN-CORO,16.535058463968532,0.32704363622963856,0.40783212331768526,0.0,1.0
hand_eye,ZNN-SVD,0.49585529451223215,0.010057136332791657,0.0004312174392822701,1.0,2.0
rwhe,ZNN-SVD,0.8064190824802902,0.013384792147211883,0.0002939647930177072,1.0,2.0
axbycz,ZNN-SVD,1.2858817020544997,0.0472796631435828,0.00038456345407854065,1.0,2.0
hand_eye,ZNN-CORO,0.49585529699369857,0.010057136332791657,0.00043121743928309803,1.0,2.0
rwhe,ZNN-CORO,0.8064190840070428,0.013384792147211869,0.00029396479301647336,1.0,2.0
axbycz,ZNN-CORO,1.2858817030131597,0.047279663143582465,0.000384563454075301,1.0,2.0
hand_eye,GNN-SVD,9.386928103267733,0.1707634436174277,0.039765641242256074,0.0,2.0
rwhe,GNN-SVD,11.091761023477034,0.21070106320281917,0.11999366915474202,0.0,2.0
axbycz,GNN-SVD,10.947298593533084,0.32320345842319087,0.24576265336164438,0.0,2.0
hand_eye,GNN-CORO,9.386928103398075,0.17076344361743395,0.03976564124223619,0.0,2.0
rwhe,GNN-CORO,11.091761023586544,0.21070106320281468,0.11999366915467315,0.0,2.0
axbycz,GNN-CORO,10.947298593644895,0.3232034584232068,0.2457626533615553,0.0,2.0
hand_eye,ZNN-SVD,0.22900931499230226,0.01719944694032463,0.0005885827952290646,1.0,3.0
rwhe,ZNN-SVD,0.10556628239590751,0.006191327945366023,0.0002598206127997909,1.0,3.0
axbycz,ZNN-SVD,0.8718789450714467,0.01934109104081904,0.0002885119336273137,1.0,3.0
hand_eye,ZNN-CORO,0.22900932036516736,0.017199446940324613,0.0005885827952275416,1.0,3.0
rwhe,ZNN-CORO,0.10556629405836664,0.0061913279453661065,0.00025982061280089663,1.0,3.0
axbycz,ZNN-CORO,0.8718789464844161,0.01934109104081869,0.0002885119336266625,1.0,3.0
hand_eye,GNN-SVD,1.711134807952427,0.22742242088395162,0.009718922188569226,1.0,3.0
rwhe,GNN-SVD,5.597441482136283,0.3377723082616817,0.12577864735683308,0.0,3.0
axbycz,GNN-SVD,16.552242302706222,0.40629422858553477,0.5256668213611466,0.0,3.0
hand_eye,GNN-CORO,1.71113480867246,0.2274224208839544,0.009718922188562783,1.0,3.0
rwhe,GNN-CORO,5.5974414823560625,0.3377723082616992,0.1257786473567701,0.0,3.0
axbycz,GNN-CORO,16.5522423027766,0.40629422858554654,0.525666821360878,0.0,3.0
hand_eye,ZNN-SVD,0.5954245379108509,0.0064985669220739666,0.00039500312034948596,1.0,4.0
rwhe,ZNN-SVD,0.5609310629691239,0.026841770749658357,0.0001995380876427537,1.0,4.0
axbycz,ZNN-SVD,0.5825088707809862,0.021214001797710175,0.0004666042748596742,1.0,4.0
hand_eye,ZNN-CORO,0.5954245399785923,0.006498566922074018,0.00039500312035025705,1.0,4.0
rwhe,ZNN-CORO,0.5609310651627134,0.026841770749658392,0.00019953808764364817,1.0,4.0
axbycz,ZNN-CORO,0.5825088728908188,0.02121400179770984,0.00046660427485896135,1.0,4.0
hand_eye,GNN-SVD,8.42289725700693,0.6494349229339856,0.14359748310871118,0.0,4.0
rwhe,GNN-SVD,4.289499828314598,0.33472972987850236,0.12278421187081258,1.0,4.0
axbycz,GNN-SVD,12.175889754559984,0.2131705110443431,0.23823793731663054,0.0,4.0
hand_eye,GNN-CORO,8.422897257152323,0.6494349229339929,0.1435974831086688,0.0,4.0
rwhe,GNN-CORO,4.289499828601884,0.33472972987850086,0.12278421187079698,1.0,4.0
axbycz,GNN-CORO,12.175889754664338,0.21317051104435417,0.23823793731660914,0.0,4.0
hand_eye,ZNN-SVD,0.2759292624451781,0.020504096486541622,0.000437304270511095,1.0,5.0
rwhe,ZNN-SVD,0.704830585866087,0.013993699536800366,0.00034174398626754657,1.0,5.0
axbycz,ZNN-SVD,0.8920367010676981,0.03007569420385346,0.00047557819986436046,1.0,5.0
hand_eye,ZNN-CORO,0.27592926690178665,0.02050409648654163,0.00043730427050856885,1.0,5.0
rwhe,ZNN-CORO,0.7048305876128796,0.013993699536800363,0.00034174398626647955,1.0,5.0
axbycz,ZNN-CORO,0.8920367024471061,0.030075694203853753,0.00047557819986594405,1.0,5.0
hand_eye,GNN-SVD,4.30524707355347,0.2433402183334097,0.020635416864991218,1.0,5.0
rwhe,GNN-SVD,13.429019154202031,0.21196192571464265,0.12001336064432899,0.0,5.0
axbycz,GNN-SVD,16.450261429685757,0.36553852919510815,0.2005648315924576,0.0,5.0
hand_eye,GNN-CORO,4.305247073839029,0.24334021833341832,0.020635416864971584,1.0,5.0
rwhe,GNN-CORO,13.42901915429269,0.2119619257146509,0.12001336064428332,0.0,5.0
axbycz,GNN-CORO,16.45026142975975,0.36553852919513397,0.20056483159235508,0.0,5.0
hand_eye,ZNN-SVD,0.24911333023800417,0.02023610236965629,0.0004065622592972176,1.0,6.0
rwhe,ZNN-SVD,0.4560786174828708,0.012056632703356206,0.0002453804260537115,1.0,6.0
axbycz,ZNN-SVD,0.8261537689382138,0.015373999423043723,0.0002764036865147461,1.0,6.0
hand_eye,ZNN-CORO,0.24911333518312137,0.02023610236965631,0.00040656225929390244,1.0,6.0
rwhe,ZNN-CORO,0.4560786201823502,0.0120566327033562,0.000245380426055235,1.0,6.0
axbycz,ZNN-CORO,0.8261537704267341,0.015373999423044024,0.00027640368651511346,1.0,6.0
hand_eye,GNN-SVD,2.496699774502376,0.33525860710101046,0.020471804380292634,1.0,6.0
rwhe,GNN-SVD,6.121028161159238,0.30596355814951426,0.1375408691897297,0.0,6.0
axbycz,GNN-SVD,12.81297320679062,0.39603367123823974,0.17795148204218472,0.0,6.0
hand_eye,GNN-CORO,2.4966997749953554,0.33525860710101496,0.020471804380277344,1.0,6.0
rwhe,GNN-CORO,6.121028161359803,0.30596355814952203,0.13754086918970457,0.0,6.0
axbycz,GNN-CORO,12.812973206886824,0.3960336712382408,0.1779514820419509,0.0,6.0
hand_eye,ZNN-SVD,0.880617352951867,0.020862285179764455,0.0005588360781516264,1.0,7.0
rwhe,ZNN-SVD,0.5555302034146673,0.031245728604309603,0.00040633223007008817,1.0,7.0
axbycz,ZNN-SVD,1.2083359349742446,0.031091004902731423,0.00037934228968843184,1.0,7.0
hand_eye,ZNN-CORO,0.8806173543508166,0.020862285179764465,0.0005588360781502162,1.0,7.0
rwhe,ZNN-CORO,0.5555302056322066,0.031245728604309606,0.00040633223006624825,1.0,7.0
axbycz,ZNN-CORO,1.2083359359920038,0.03109100490273172,0.0003793422896873576,1.0,7.0
hand_eye,GNN-SVD,6.41404880497166,0.516684119490984,0.023076170949522534,0.0,7.0
rwhe,GNN-SVD,11.490016580541338,0.15609046284411504,0.09151626034291704,0.0,7.0
axbycz,GNN-SVD,17.122137275758963,0.49801683927601303,0.5040295580648457,0.0,7.0
hand_eye,GNN-CORO,6.414048805166742,0.516684119490991,0.0230761709495003,0.0,7.0
rwhe,GNN-CORO,11.49001658064787,0.1560904628441309,0.09151626034286764,0.0,7.0
axbycz,GNN-CORO,17.122137275830266,0.49801683927605633,0.5040295580646112,0.0,7.0
hand_eye,ZNN-SVD,0.17426377496720014,0.009857731384128796,0.00022981692085475666,1.0,8.0
rwhe,ZNN-SVD,0.2973121763140874,0.02063146596857604,0.00037381681535327894,1.0,8.0
axbycz,ZNN-SVD,0.4737376458271388,0.02855585879794883,0.0006747573317609115,1.0,8.0
hand_eye,ZNN-CORO,0.1742637820363264,0.00985773138412881,0.00022981692085226283,1.0,8.0
rwhe,ZNN-CORO,0.29731218045262764,0.020631465968576047,0.00037381681535378483,1.0,8.0
axbycz,ZNN-CORO,0.47373764842753335,0.028555858797948055,0.000674757331757504,1.0,8.0
hand_eye,GNN-SVD,7.825501560861987,0.37756631104005384,0.06258459526856176,0.0,8.0
rwhe,GNN-SVD,14.627483983347997,0.16515509412035725,0.21466592581533736,0.0,8.0
axbycz,GNN-SVD,10.62207910213953,0.629263177793617,0.6477643646980386,0.0,8.0
hand_eye,GNN-CORO,7.825501561018496,0.3775663110400688,0.06258459526850511,0.0,8.0
rwhe,GNN-CORO,14.627483983431269,0.16515509412036425,0.21466592581525346,0.0,8.0
axbycz,GNN-CORO,10.622079102255066,0.6292631777936453,0.6477643646977993,0.0,8.0
hand_eye,ZNN-SVD,0.36018529911369174,0.019020663917297093,0.0003675868846167029,1.0,9.0
rwhe,ZNN-SVD,0.5115571764665632,0.014498068369071885,0.0002491749284544214,1.0,9.0
axbycz,ZNN-SVD,0.8524028235000287,0.021696598253183628,0.000518274780116721,1.0,9.0
hand_eye,ZNN-CORO,0.3601853025338726,0.019020663917297086,0.0003675868846162206,1.0,9.0
rwhe,ZNN-CORO,0.5115571788761394,0.014498068369071922,0.000249174928452699,1.0,9.0
axbycz,ZNN-CORO,0.8524028249452799,0.02169659825318337,0.0005182747801188256,1.0,9.0
hand_eye,GNN-SVD,16.600251754748438,0.08408648699614557,0.059973974645273355,0.0,9.0
rwhe,GNN-SVD,11.410573701510572,0.33913459637327753,0.17402616554452674,0.0,9.0
axbycz,GNN-SVD,6.785100969628333,0.5036951249530819,0.22904228059409176,0.0,9.0
hand_eye,GNN-CORO,16.60025175482258,0.08408648699615451,0.059973974645250616,0.0,9.0
rwhe,GNN-CORO,11.410573701617833,0.33913459637330184,0.17402616554444725,0.0,9.0
axbycz,GNN-CORO,6.785100969811069,0.5036951249531155,0.2290422805938072,0.0,9.0
hand_eye,ZNN-SVD,0.5749908517687788,0.011127451125952719,0.0007892351441148602,1.0,10.0
rwhe,ZNN-SVD,0.8180179822126358,0.06409132760213226,0.0007466362846262755,1.0,10.0
axbycz,ZNN-SVD,0.7726085393406753,0.062257493571958006,0.00040767316508125975,1.0,10.0
hand_eye,ZNN-CORO,0.5749908539138031,0.011127451125952741,0.0007892351441137082,1.0,10.0
rwhe,ZNN-CORO,0.8180179837204149,0.06409132760213204,0.0007466362846261527,1.0,10.0
axbycz,ZNN-CORO,0.7726085409370672,0.062257493571958755,0.00040767316508313195,1.0,10.0
hand_eye,GNN-SVD,9.555461793243927,0.17482096334920827,0.02399761109190696,0.0,10.0
rwhe,GNN-SVD,12.899445889035649,0.34691563210742904,0.3671391364152446,0.0,10.0
axbycz,GNN-SVD,11.791143796660885,0.1970961105431411,0.09908187780535879,0.0,10.0
hand_eye,GNN-CORO,9.55546179337222,0.1748209633492125,0.023997611091892166,0.0,10.0
rwhe,GNN-CORO,12.899445889131789,0.34691563210744486,0.36713913641513324,0.0,10.0
axbycz,GNN-CORO,11.791143796764484,0.19709611054315188,0.09908187780528632,0.0,10.0
hand_eye,ZNN-SVD,0.19041746905133067,0.009389338638271493,0.00031885315162793305,1.0,11.0
rwhe,ZNN-SVD,0.6546349978483144,0.01713721124045785,0.0004826079150006641,1.0,11.0
axbycz,ZNN-SVD,0.405381821713677,0.014372445799506429,0.00036042654644888116,1.0,11.0
hand_eye,ZNN-CORO,0.1904174755169353,0.00938933863827151,0.00031885315162887993,1.0,11.0
rwhe,ZNN-CORO,0.6546349997279262,0.017137211240457854,0.00048260791499983206,1.0,11.0
axbycz,ZNN-CORO,0.4053818247543411,0.014372445799506275,0.00036042654645051207,1.0,11.0
hand_eye,GNN-SVD,7.754087280059763,0.2608662081520996,0.017218047655553115,0.0,11.0
rwhe,GNN-SVD,12.627151455212907,0.3076742667655078,0.09952592795978739,0.0,11.0
axbycz,GNN-SVD,10.170371638592929,0.551365340728433,0.5159386591996091,0.0,11.0
hand_eye,GNN-CORO,7.754087280218082,0.26086620815210243,0.017218047655543214,0.0,11.0
rwhe,GNN-CORO,12.62715145530963,0.3076742667655174,0.09952592795974101,0.0,11.0
axbycz,GNN-CORO,10.1703716387139,0.5513653407284783,0.5159386591993389,0.0,11.0
hand_eye,ZNN-SVD,0.3269440742752407,0.0045817305848143705,0.0004183758497943296,1.0,12.0
rwhe,ZNN-SVD,0.30258623192524314,0.006789129668719173,0.00021324608383133383,1.0,12.0
axbycz,ZNN-SVD,0.5015380464770522,0.017819358353601218,0.0006440932193640842,1.0,12.0
hand_eye,ZNN-CORO,0.326944078040926,0.0045817305848143645,0.00041837584979451245,1.0,12.0
rwhe,ZNN-CORO,0.30258623598683154,0.006789129668719184,0.00021324608383006555,1.0,12.0
axbycz,ZNN-CORO,0.5015380489333096,0.01781935835359861,0.0006440932193603978,1.0,12.0
hand_eye,GNN-SVD,6.303997412954351,0.051824159993018634,0.010790366262804553,0.0,12.0
rwhe,GNN-SVD,12.97028717359853,0.29763391234445963,0.24715973358804003,0.0,12.0
axbycz,GNN-SVD,10.649735217011004,0.3945280151748305,0.278177565692324,0.0,12.0
hand_eye,GNN-CORO,6.303997413149001,0.05182415999302162,0.010790366262799759,0.0,12.0
rwhe,GNN-CORO,12.97028717369574,0.2976339123444922,0.24715973358792795,0.0,12.0
axbycz,GNN-CORO,10.64973521712411,0.39452801517484376,0.278177565692158,0.0,12.0
hand_eye,ZNN-SVD,0.3789683148267894,0.01815682469823321,0.00044887188957606845,1.0,13.0
rwhe,ZNN-SVD,0.5591241378187457,0.01948420925450459,0.0002653245093408823,1.0,13.0
axbycz,ZNN-SVD,0.9915339691922667,0.04349194126981208,0.00046938159166805,1.0,13.0
hand_eye,ZNN-CORO,0.3789683180716858,0.01815682469823311,0.00044887188957483994,1.0,13.0
rwhe,ZNN-CORO,0.5591241400194242,0.019484209254504562,0.0002653245093406415,1.0,13.0
axbycz,ZNN-CORO,0.9915339704340026,0.04349194126981336,0.00046938159166657787,1.0,13.0
hand_eye,GNN-SVD,6.173052164369959,0.5425517681142479,0.06408771484081256,0.0,13.0
rwhe,GNN-SVD,7.517796288603409,0.28666794246765936,0.16315375335119306,0.0,13.0
axbycz,GNN-SVD,12.540212324291584,0.38639602818157426,0.2253394930281036,0.0,13.0
hand_eye,GNN-CORO,6.173052164568958,0.5425517681142552,0.06408771484077545,0.0,13.0
rwhe,GNN-CORO,7.517796288766285,0.2866679424676847,0.1631537533511436,0.0,13.0
axbycz,GNN-CORO,12.540212324388966,0.3863960281815834,0.22533949302803102,0.0,13.0
hand_eye,ZNN-SVD,0.5146040985968292,0.008377785487871808,0.0006012212623999212,1.0,14.0
rwhe,ZNN-SVD,0.56516181258606,0.02355793745724916,0.00029578144008383136,1.0,14.0
axbycz,ZNN-SVD,0.979114784521169,0.030590283720929423,0.0006671856174790613,1.0,14.0
hand_eye,ZNN-CORO,0.5146041009878894,0.008377785487871754,0.0006012212623987607,1.0,14.0
rwhe,ZNN-CORO,0.5651618147619394,0.02355793745724916,0.0002957814400863309,1.0,14.0
axbycz,ZNN-CORO,0.97911478577642,0.03059028372093045,0.00066718561748108,1.0,14.0
hand_eye,GNN-SVD,8.29672858082877,0.46530391964836415,0.02864016597462968,0.0,14.0
rwhe,GNN-SVD,13.294401172249422,0.3214120829474877,0.2544197385672468,0.0,14.0
axbycz,GNN-SVD,15.030343030488567,0.3768391737050817,0.16212983349659194,0.0,14.0
hand_eye,GNN-CORO,8.296728580976621,0.4653039196483705,0.028640165974600205,0.0,14.0
rwhe,GNN-CORO,13.294401172343198,0.3214120829475091,0.25441973856715766,0.0,14.0
axbycz,GNN-CORO,15.030343030569705,0.3768391737050955,0.16212983349652027,0.0,14.0
hand_eye,ZNN-SVD,0.4028846384482618,0.004488849852293746,0.00037837726556713924,1.0,15.0
rwhe,ZNN-SVD,0.38147835132754704,0.014694187610844569,0.00044926713650468613,1.0,15.0
axbycz,ZNN-SVD,1.2572292710838429,0.04257389632859537,0.00047993025715782893,1.0,15.0
hand_eye,ZNN-CORO,0.4028846415041538,0.004488849852293746,0.0003783772655659768,1.0,15.0
rwhe,ZNN-CORO,0.38147835455682555,0.014694187610844569,0.00044926713649686936,1.0,15.0
axbycz,ZNN-CORO,1.2572292720637674,0.0425738963285971,0.000479930257157974,1.0,15.0
hand_eye,GNN-SVD,14.179891219751916,0.5522544197628152,0.14532106773319717,0.0,15.0
rwhe,GNN-SVD,11.733421911785594,0.267082105236515,0.1385675698950441,0.0,15.0
axbycz,GNN-SVD,9.230467350672312,0.510435167333133,0.08552544830412273,0.0,15.0
hand_eye,GNN-CORO,14.179891219838646,0.5522544197628209,0.14532106773316297,0.0,15.0
rwhe,GNN-CORO,11.73342191188957,0.2670821052365433,0.1385675698949441,0.0,15.0
axbycz,GNN-CORO,9.230467350806586,0.51043516733313,0.0855254483040109,0.0,15.0
hand_eye,ZNN-SVD,0.609018479356463,0.013099093548739268,0.0006287091850754969,1.0,16.0
rwhe,ZNN-SVD,0.5246921314991195,0.017390733001531964,0.00030934532820723926,1.0,16.0
axbycz,ZNN-SVD,0.6652683059176936,0.017223253928529195,0.00021488348261289889,1.0,16.0
hand_eye,ZNN-CORO,0.6090184813780518,0.013099093548739322,0.0006287091850749972,1.0,16.0
rwhe,ZNN-CORO,0.5246921338455985,0.017390733001531974,0.00030934532820254076,1.0,16.0
axbycz,ZNN-CORO,0.6652683077683597,0.017223253928528828,0.0002148834826111614,1.0,16.0
hand_eye,GNN-SVD,0.5037554969270768,0.29289503006782813,0.009113162728506196,1.0,16.0
rwhe,GNN-SVD,7.1448089030272905,0.3721665161287277,0.1359992240222796,0.0,16.0
axbycz,GNN-SVD,16.150980100890678,0.33293599000918456,0.28651379289338974,0.0,16.0
hand_eye,GNN-CORO,0.5037554993710752,0.2928950300678308,0.0091131627284991,1.0,16.0
rwhe,GNN-CORO,7.144808903199338,0.3721665161287622,0.1359992240221821,0.0,16.0
axbycz,GNN-CORO,16.15098010096422,0.3329359900091929,0.28651379289316753,0.0,16.0
hand_eye,ZNN-SVD,0.30532224091674354,0.01789586182336356,0.00032368665637339905,1.0,17.0
rwhe,ZNN-SVD,0.8186940069536723,0.010668652845701112,0.00028131246264597544,1.0,17.0
axbycz,ZNN-SVD,1.162699743957577,0.04374812827504227,0.000565668204209257,1.0,17.0
hand_eye,ZNN-CORO,0.30532224495148585,0.017895861823363588,0.0003236866563746227,1.0,17.0
rwhe,ZNN-CORO,0.8186940084602066,0.010668652845701095,0.00028131246264535956,1.0,17.0
axbycz,ZNN-CORO,1.1626997450165317,0.043748128275044304,0.0005656682042057749,1.0,17.0
hand_eye,GNN-SVD,0.4948275305688317,0.23028887520647373,0.011899202403966275,1.0,17.0
rwhe,GNN-SVD,15.24320159102041,0.2800242000655265,0.2185661861785317,0.0,17.0
axbycz,GNN-SVD,15.679090619102848,0.3048145052873737,0.2283858086786349,0.0,17.0
hand_eye,GNN-CORO,0.49482753305987137,0.23028887520648,0.011899202403956241,1.0,17.0
rwhe,GNN-CORO,15.243201591100494,0.2800242000655443,0.21856618617842924,0.0,17.0
axbycz,GNN-CORO,15.67909061918071,0.30481450528737725,0.22838580867850944,0.0,17.0
hand_eye,ZNN-SVD,0.3326829864745617,0.014810482184212909,0.0003708333588890343,1.0,18.0
rwhe,ZNN-SVD,1.4563831656158313,0.029047757747668327,0.00032641356319016427,1.0,18.0
axbycz,ZNN-SVD,1.0727411698697376,0.028260585180806413,0.0006350767700303528,1.0,18.0
hand_eye,ZNN-CORO,0.332682990170906,0.014810482184212909,0.000370833358885815,1.0,18.0
rwhe,ZNN-CORO,1.456383166461278,0.02904775774766834,0.00032641356318781806,1.0,18.0
axbycz,ZNN-CORO,1.072741171017483,0.02826058518080652,0.0006350767700279449,1.0,18.0
hand_eye,GNN-SVD,13.535852692126218,0.44475273261183357,0.08957831720936023,0.0,18.0
rwhe,GNN-SVD,4.088602662259532,0.35839688449044865,0.10657389161970908,1.0,18.0
axbycz,GNN-SVD,17.282146542280636,0.2672765420786789,0.2694695869596595,0.0,18.0
hand_eye,GNN-CORO,13.535852692216176,0.4447527326118405,0.08957831720932126,0.0,18.0
rwhe,GNN-CORO,4.088602662560731,0.35839688449047696,0.10657389161962078,1.0,18.0
axbycz,GNN-CORO,17.282146542350823,0.2672765420786884,0.26946958695955936,0.0,18.0
hand_eye,ZNN-SVD,0.12764100753538885,0.019625880548623815,0.0001313376768600725,1.0,19.0
rwhe,ZNN-SVD,0.7732044798546797,0.014738738863997614,0.00023957241263303689,1.0,19.0
axbycz,ZNN-SVD,0.3651452270926098,0.026317516506790307,0.0005545767153264521,1.0,19.0
hand_eye,ZNN-CORO,0.12764101718661103,0.019625880548623815,0.00013133767685939718,1.0,19.0
rwhe,ZNN-CORO,0.7732044814451274,0.014738738863997607,0.00023957241263412835,1.0,19.0
axbycz,ZNN-CORO,0.36514523045834835,0.026317516506789044,0.0005545767153222087,1.0,19.0
hand_eye,GNN-SVD,7.895031545307443,0.48922577131828326,0.02863057844173304,0.0,19.0
rwhe,GNN-SVD,2.871225232915402,0.27185379468937126,0.0787406780579107,1.0,19.0
axbycz,GNN-SVD,14.167474671156485,0.4195920826561842,0.23348627231905142,0.0,19.0
hand_eye,GNN-CORO,7.895031545462769,0.4892257713182837,0.02863057844172388,0.0,19.0
rwhe,GNN-CORO,2.871225233343105,0.27185379468939047,0.07874067805787731,1.0,19.0
axbycz,GNN-CORO,14.167474671241264,0.4195920826561881,0.2334862723189584,0.0,19.0
hand_eye,ZNN-SVD,0.39050243363563575,0.0291486156879273,0.00028202053520192446,1.0,20.0
rwhe,ZNN-SVD,0.9505054807829016,0.023379140823061806,0.00040523692867799557,1.0,20.0
axbycz,ZNN-SVD,1.6064499298399981,0.019720438970146036,0.0005121082252990238,1.0,20.0
hand_eye,ZNN-CORO,0.39050243678095703,0.029148615687927357,0.000282020535201141,1.0,20.0
rwhe,ZNN-CORO,0.9505054820789988,0.023379140823061785,0.0004052369286822144,1.0,20.0
axbycz,ZNN-CORO,1.6064499306060314,0.01972043897014478,0.0005121082253001551,1.0,20.0
hand_eye,GNN-SVD,11.492830595178816,0.22036199070927467,0.030864194798285546,0.0,20.0
rwhe,GNN-SVD,13.342696110814783,0.23942339008265,0.1563050652161833,0.0,20.0
axbycz,GNN-SVD,15.531299731918578,0.2889023953369427,0.18625193915998853,0.0,20.0
hand_eye,GNN-CORO,11.492830595284873,0.2203619907092831,0.030864194798262867,0.0,20.0
rwhe,GNN-CORO,13.34269611090602,0.2394233900826693,0.15630506521607213,0.0,20.0
axbycz,GNN-CORO,15.531299731997354,0.28890239533694206,0.1862519391599223,0.0,20.0
hand_eye,ZNN-SVD,0.24333896942874342,0.025164743389508817,0.00029339003331409484,1.0,21.0
rwhe,ZNN-SVD,0.15608356682327035,0.019440350408296395,0.0003117358722254183,1.0,21.0
axbycz,ZNN-SVD,0.5130613844561661,0.014618509409184865,0.00039109301253891806,1.0,21.0
hand_eye,ZNN-CORO,0.243338974485215,0.025164743389508804,0.0002933900333133914,1.0,21.0
rwhe,ZNN-CORO,0.15608357472512788,0.019440350408296437,0.00031173587222430515,1.0,21.0
axbycz,ZNN-CORO,0.5130613868544159,0.014618509409184922,0.0003910930125383309,1.0,21.0
hand_eye,GNN-SVD,1.3001141125168563,0.03922886756960761,0.0008021238893415799,1.0,21.0
rwhe,GNN-SVD,4.805512688897788,0.5152713457366123,0.12205167998884602,1.0,21.0
axbycz,GNN-SVD,17.78785058250066,0.631611994170086,0.6927141848210447,0.0,21.0
hand_eye,GNN-CORO,1.3001141134644625,0.03922886756960714,0.0008021238893413579,1.0,21.0
rwhe,GNN-CORO,4.805512689152312,0.5152713457366279,0.1220516799887873,1.0,21.0
axbycz,GNN-CORO,17.787850582569206,0.6316119941701356,0.6927141848207261,0.0,21.0
hand_eye,ZNN-SVD,0.8872913311668207,0.013857490255315425,0.0005496965768857037,1.0,22.0
rwhe,ZNN-SVD,0.31375098717472605,0.016330342294945576,0.0002091709823110431,1.0,22.0
axbycz,ZNN-SVD,0.5910586028881509,0.020554934783986886,0.0006442874276884128,1.0,22.0
hand_eye,ZNN-CORO,0.887291332554427,0.01385749025531545,0.0005496965768846631,1.0,22.0
rwhe,ZNN-CORO,0.3137509911034016,0.01633034229494557,0.000209170982311481,1.0,22.0
axbycz,ZNN-CORO,0.5910586049699321,0.02055493478398891,0.0006442874276907458,1.0,22.0
hand_eye,GNN-SVD,0.24397925459550102,0.3010846989077902,0.014720417466485778,1.0,22.0
rwhe,GNN-SVD,14.665367280369313,0.2275185353052032,0.22653675283970318,0.0,22.0
axbycz,GNN-SVD,10.488435418354882,0.2119223441463828,0.13292004562441634,0.0,22.0
hand_eye,GNN-CORO,0.2439792596476658,0.3010846989077934,0.014720417466477157,1.0,22.0
rwhe,GNN-CORO,14.665367280452427,0.2275185353052165,0.22653675283959132,0.0,22.0
axbycz,GNN-CORO,10.488435418471106,0.21192234414638916,0.1329200456243026,0.0,22.0
hand_eye,ZNN-SVD,0.3597312304595405,0.00720830904654306,0.00039814485494142664,1.0,23.0
rwhe,ZNN-SVD,0.6546732324931286,0.009079329678230039,0.0005456412079990775,1.0,23.0
axbycz,ZNN-SVD,0.8298182899758527,0.019023805061494727,0.0007839390855256626,1.0,23.0
hand_eye,ZNN-CORO,0.3597312338840384,0.00720830904654306,0.000398144854941773,1.0,23.0
rwhe,ZNN-CORO,0.6546732343726307,0.00907932967823008,0.000545641207997478,1.0,23.0
axbycz,ZNN-CORO,0.8298182914586784,0.019023805061494415,0.0007839390855278777,1.0,23.0
hand_eye,GNN-SVD,16.77749224917673,0.17792362558758104,0.06096061083880738,0.0,23.0
rwhe,GNN-SVD,9.529637018960207,0.27454729967841884,0.1859917329564941,0.0,23.0
axbycz,GNN-SVD,6.685908368631729,0.33992508819170825,0.1370840067879249,0.0,23.0
hand_eye,GNN-CORO,16.77749224924901,0.1779236255875788,0.06096061083878626,0.0,23.0
rwhe,GNN-CORO,9.529637019089076,0.27454729967845354,0.18599173295636273,0.0,23.0
axbycz,GNN-CORO,6.685908368815525,0.3399250881917142,0.13708400678787153,0.0,23.0
hand_eye,ZNN-SVD,0.39503201407720984,0.022305150516733336,0.0003942913826491838,1.0,24.0
rwhe,ZNN-SVD,0.5406641533950243,0.0070026194894134315,0.0003828334235953577,1.0,24.0
axbycz,ZNN-SVD,1.4580716481733427,0.034565081644257006,0.00045670056698171233,1.0,24.0
hand_eye,ZNN-CORO,0.3950320171938473,0.022305150516733315,0.0003942913826505782,1.0,24.0
rwhe,ZNN-CORO,0.5406641556708385,0.007002619489413434,0.0003828334235955457,1.0,24.0
axbycz,ZNN-CORO,1.4580716490178105,0.034565081644257784,0.00045670056698030015,1.0,24.0
hand_eye,GNN-SVD,7.928673471246332,0.3419329645544035,0.029812629819978394,0.0,24.0
rwhe,GNN-SVD,11.40732366193964,0.2172528513781532,0.09624300888016364,0.0,24.0
axbycz,GNN-SVD,10.289041295265646,0.5417530412023563,0.24559120527112605,0.0,24.0
hand_eye,GNN-CORO,7.92867347140091,0.3419329645543958,0.029812629819994305,0.0,24.0
rwhe,GNN-CORO,11.40732366204764,0.21725285137816902,0.09624300888012667,0.0,24.0
axbycz,GNN-CORO,10.289041295384811,0.5417530412023633,0.24559120527101191,0.0,24.0
hand_eye,ZNN-SVD,0.8353817360506376,0.016018446239994464,0.00038271858387522024,1.0,25.0
rwhe,ZNN-SVD,0.645064491858472,0.022033778752258544,0.000667452067111243,1.0,25.0
axbycz,ZNN-SVD,0.6352914083725512,0.04124042244669573,0.0005583692512630932,1.0,25.0
hand_eye,ZNN-CORO,0.8353817375218435,0.01601844623999446,0.00038271858387426094,1.0,25.0
rwhe,ZNN-CORO,0.6450644937625793,0.02203377875225854,0.0006674520671083637,1.0,25.0
axbycz,ZNN-CORO,0.6352914103116865,0.04124042244669657,0.0005583692512617757,1.0,25.0
hand_eye,GNN-SVD,7.788408383861204,0.19987041263473335,0.037654419263986945,0.0,25.0
rwhe,GNN-SVD,8.939316605738235,0.32238467782771374,0.21455015662503243,0.0,25.0
axbycz,GNN-SVD,13.538131247706927,0.5352932351405566,0.6006651746182468,0.0,25.0
hand_eye,GNN-CORO,7.788408384018735,0.19987041263474273,0.03765441926396418,0.0,25.0
rwhe,GNN-CORO,8.939316605882578,0.3223846778277353,0.2145501566250211,0.0,25.0
axbycz,GNN-CORO,13.538131247797631,0.5352932351406032,0.600665174617994,0.0,25.0
hand_eye,ZNN-SVD,0.08804449277982138,0.0035165511650453334,0.0002675369500416886,1.0,26.0
rwhe,ZNN-SVD,0.7287217501997292,0.015318617916355519,0.0003308951761331542,1.0,26.0
axbycz,ZNN-SVD,0.6074956087447428,0.03335652032779633,0.00048583051612414486,1.0,26.0
hand_eye,ZNN-CORO,0.08804450674667282,0.0035165511650453282,0.0002675369500412204,1.0,26.0
rwhe,ZNN-CORO,0.7287217518882557,0.015318617916355562,0.0003308951761291625,1.0,26.0
axbycz,ZNN-CORO,0.6074956107737992,0.03335652032779696,0.0004858305161221536,1.0,26.0
hand_eye,GNN-SVD,17.976456673464043,0.15689059476733946,0.048517662232040716,0.0,26.0
rwhe,GNN-SVD,4.936493221303156,0.44449383293549,0.10396617623795339,1.0,26.0
axbycz,GNN-SVD,15.080983482015009,0.3666354587600499,0.23894535777524056,0.0,26.0
hand_eye,GNN-CORO,17.976456673531317,0.15689059476734285,0.04851766223202214,0.0,26.0
rwhe,GNN-CORO,4.936493221552272,0.44449383293552486,0.10396617623786698,1.0,26.0
axbycz,GNN-CORO,15.08098348209789,0.36663545876005404,0.23894535777517514,0.0,26.0
hand_eye,ZNN-SVD,0.4815577418630631,0.010415320651012423,0.000270616589767481,1.0,27.0
rwhe,ZNN-SVD,0.6059609150991048,0.007166804125154656,0.00019808141682886357,1.0,27.0
axbycz,ZNN-SVD,1.2234806401723295,0.04189627389341251,0.00040638226112923764,1.0,27.0
hand_eye,ZNN-CORO,0.48155774441517546,0.010415320651012446,0.000270616589767193,1.0,27.0
rwhe,ZNN-CORO,0.605960917127285,0.007166804125154641,0.00019808141682864624,1.0,27.0
axbycz,ZNN-CORO,1.2234806411780883,0.04189627389340955,0.00040638226112690314,1.0,27.0
hand_eye,GNN-SVD,11.943996169781663,0.14462168873474507,0.04768415673437013,0.0,27.0
rwhe,GNN-SVD,7.951586274005884,0.1229589688830663,0.06452432508795695,0.0,27.0
axbycz,GNN-SVD,13.280614214035907,0.39346320324411416,0.1239533526848696,0.0,27.0
hand_eye,GNN-CORO,11.943996169883892,0.14462168873475387,0.04768415673434321,0.0,27.0
rwhe,GNN-CORO,7.95158627416011,0.12295896888307567,0.06452432508792592,0.0,27.0
axbycz,GNN-CORO,13.280614214127896,0.39346320324410566,0.12395335268481292,0.0,27.0
hand_eye,ZNN-SVD,0.4969850831296182,0.013603064237774019,0.0002955359920237015,1.0,28.0
rwhe,ZNN-SVD,0.9625813300760044,0.009612289072304088,0.0002171690572279632,1.0,28.0
axbycz,ZNN-SVD,0.9659242598097946,0.05188692221574073,0.0005061836745812133,1.0,28.0
hand_eye,ZNN-CORO,0.49698508559957677,0.013603064237774043,0.0002955359920237198,1.0,28.0
rwhe,ZNN-CORO,0.9625813313535713,0.009612289072304072,0.00021716905722705154,1.0,28.0
axbycz,ZNN-CORO,0.9659242610814308,0.05188692221573845,0.0005061836745836036,1.0,28.0
hand_eye,GNN-SVD,15.061714759525225,0.3593098813985572,0.07377292506142875,0.0,28.0
rwhe,GNN-SVD,8.004856633444476,0.48660835415688913,0.22977193959971276,0.0,28.0
axbycz,GNN-SVD,3.7357111941981285,0.25557154892934625,0.09103801684749854,1.0,28.0
hand_eye,GNN-CORO,15.06171475960581,0.35930988139856845,0.073772925061375,0.0,28.0
rwhe,GNN-CORO,8.004856633597683,0.4866083541568977,0.22977193959963552,0.0,28.0
axbycz,GNN-CORO,3.7357111945275374,0.2555715489293559,0.09103801684745727,1.0,28.0
hand_eye,ZNN-SVD,0.22729912649666292,0.003288746399628632,0.00036160989812686247,1.0,29.0
rwhe,ZNN-SVD,0.2929868101983025,0.017220836525729658,0.00030013865771686185,1.0,29.0
axbycz,ZNN-SVD,0.8369920784793513,0.014579673822351721,0.0004486292052252155,1.0,29.0
hand_eye,ZNN-CORO,0.22729913191315992,0.0032887463996286335,0.0003616098981278739,1.0,29.0
rwhe,ZNN-CORO,0.2929868144029154,0.017220836525729633,0.00030013865771530136,1.0,29.0
axbycz,ZNN-CORO,0.8369920799485979,0.014579673822351822,0.0004486292052223029,1.0,29.0
hand_eye,GNN-SVD,5.358695221771954,0.35316608291072715,0.03611006322877476,0.0,29.0
rwhe,GNN-SVD,3.103588414010179,0.2375055582528087,0.07827490852777029,1.0,29.0
axbycz,GNN-SVD,13.851374579990987,0.36227322088907804,0.24498031690627126,0.0,29.0
hand_eye,GNN-CORO,5.358695222001358,0.3531660829107303,0.03611006322876343,0.0,29.0
rwhe,GNN-CORO,3.103588414406593,0.23750555825282713,0.07827490852772571,1.0,29.0
axbycz,GNN-CORO,13.85137458007952,0.3622732208891013,0.24498031690618466,0.0,29.0
hand_eye,ZNN-SVD,0.4848791549452704,0.004887691354598075,0.0003822126604800665,1.0,30.0
rwhe,ZNN-SVD,0.48995650840055993,0.010948331578109271,0.0003602736326886196,1.0,30.0
axbycz,ZNN-SVD,0.8686325107820967,0.018793966625867565,0.00048562021114969503,1.0,30.0
hand_eye,ZNN-CORO,0.48487915747990135,0.004887691354598096,0.0003822126604802842,1.0,30.0
rwhe,ZNN-CORO,0.48995651090892545,0.010948331578109292,0.0003602736326871138,1.0,30.0
axbycz,ZNN-CORO,0.8686325121969897,0.018793966625867756,0.0004856202111508771,1.0,30.0
hand_eye,GNN-SVD,4.079360986252783,0.39054372880474253,0.058661182986206595,1.0,30.0
rwhe,GNN-SVD,8.461752054506077,0.2616053831905784,0.11631059387736557,0.0,30.0
axbycz,GNN-SVD,14.743577516864837,0.48037709338718976,0.5983273137392296,0.0,30.0
hand_eye,GNN-CORO,4.0793609865543035,0.3905437288047453,0.058661182986195805,1.0,30.0
rwhe,GNN-CORO,8.461752054651068,0.2616053831905924,0.11631059387732799,0.0,30.0
axbycz,GNN-CORO,14.743577516941823,0.4803770933872099,0.5983273137386347,0.0,30.0
hand_eye,ZNN-SVD,0.28586938534786077,0.00914914826601382,0.00026546990789548915,1.0,31.0
rwhe,ZNN-SVD,0.8736235476588303,0.011875274670803907,0.00017604350701270883,1.0,31.0
axbycz,ZNN-SVD,0.6517897639292085,0.02863742593582386,0.0003594621263669713,1.0,31.0
hand_eye,ZNN-CORO,0.2858693896597068,0.009149148266013794,0.0002654699078936434,1.0,31.0
rwhe,ZNN-CORO,0.873623549063972,0.011875274670803872,0.00017604350701072723,1.0,31.0
axbycz,ZNN-CORO,0.6517897658147881,0.028637425935826077,0.00035946212636608313,1.0,31.0
hand_eye,GNN-SVD,9.364774712241596,0.38017552492323464,0.06276398970890573,0.0,31.0
rwhe,GNN-SVD,1.8286754062369481,0.3699780248652583,0.24586193404530785,1.0,31.0
axbycz,GNN-SVD,5.278749159521378,0.3166234208464322,0.08329116427891733,0.0,31.0
hand_eye,GNN-CORO,9.3647747123724,0.3801755249232465,0.06276398970886332,0.0,31.0
rwhe,GNN-CORO,1.828675406910715,0.3699780248652924,0.24586193404515996,1.0,31.0
axbycz,GNN-CORO,5.278749159754524,0.3166234208464427,0.08329116427886764,0.0,31.0
hand_eye,ZNN-SVD,0.15355242696203616,0.008710407467852972,0.00020868993185624087,1.0,32.0
rwhe,ZNN-SVD,0.5818886254948342,0.01661364215045742,0.00032078306800165703,1.0,32.0
axbycz,ZNN-SVD,0.5875452186647999,0.03913040714733229,0.0004786267897056624,1.0,32.0
hand_eye,ZNN-CORO,0.15355243497041107,0.008710407467852982,0.00020868993185636122,1.0,32.0
rwhe,ZNN-CORO,0.5818886276081684,0.016613642150457384,0.00032078306799982907,1.0,32.0
axbycz,ZNN-CORO,0.5875452207565479,0.039130407147332666,0.000478626789706395,1.0,32.0
hand_eye,GNN-SVD,2.753476177117328,0.2000874351912626,0.014300274056325306,1.0,32.0
rwhe,GNN-SVD,14.090146682114357,0.3660435651295737,0.17506310751247733,0.0,32.0
axbycz,GNN-SVD,15.229268846744478,0.38945243327198664,0.2500707522584711,0.0,32.0
hand_eye,GNN-CORO,2.7534761775648953,0.20008743519126185,0.014300274056326138,1.0,32.0
rwhe,GNN-CORO,14.090146682203196,0.3660435651295933,0.17506310751217344,0.0,32.0
axbycz,GNN-CORO,15.229268846824535,0.38945243327200724,0.2500707522583622,0.0,32.0
hand_eye,ZNN-SVD,0.5106331811164666,0.011581743287613855,0.0002951951354225579,1.0,33.0
rwhe,ZNN-SVD,0.7435787899728938,0.02335188730068447,0.0002817301838587502,1.0,33.0
axbycz,ZNN-SVD,0.5749530177605361,0.024436860825560437,0.0006000016050263142,1.0,33.0
hand_eye,ZNN-CORO,0.5106331835289755,0.011581743287613853,0.000295195135421399,1.0,33.0
rwhe,ZNN-CORO,0.7435787916306258,0.023351887300684434,0.00028173018385488943,1.0,33.0
axbycz,ZNN-CORO,0.5749530199031658,0.02443686082555829,0.0006000016050284406,1.0,33.0
hand_eye,GNN-SVD,11.984145522261574,0.3554193714396517,0.06752123199953393,0.0,33.0
rwhe,GNN-SVD,11.518810873467837,0.3522353307882853,0.18633212598878915,0.0,33.0
axbycz,GNN-SVD,15.978609927075588,0.5515216789879415,0.45075063455825637,0.0,33.0
hand_eye,GNN-CORO,11.984145522363466,0.35541937143965663,0.06752123199950036,0.0,33.0
rwhe,GNN-CORO,11.518810873573278,0.35223533078831337,0.18633212598878746,0.0,33.0
axbycz,GNN-CORO,15.978609927155773,0.5515216789879576,0.45075063455811704,0.0,33.0
hand_eye,ZNN-SVD,0.7483933487885213,0.004947345650369552,0.00040818369362756267,1.0,34.0
rwhe,ZNN-SVD,0.8334541471873379,0.023836111663850277,0.00038341878385852085,1.0,34.0
axbycz,ZNN-SVD,0.5321871924989969,0.028934563545010103,0.0004982697311806377,1.0,34.0
hand_eye,ZNN-CORO,0.7483933504355893,0.004947345650369567,0.0004081836936276637,1.0,34.0
rwhe,ZNN-CORO,0.8334541486628207,0.02383611166385031,0.00038341878385690984,1.0,34.0
axbycz,ZNN-CORO,0.5321871948110605,0.028934563545007626,0.0004982697311781468,1.0,34.0
hand_eye,GNN-SVD,18.271170763451007,0.2320466893162976,0.07788223416721306,0.0,34.0
rwhe,GNN-SVD,12.808860214452954,0.45018224895949427,0.32978279329899257,0.0,34.0
axbycz,GNN-SVD,11.587667548199237,0.15396749160945966,0.10638876909486038,0.0,34.0
hand_eye,GNN-CORO,18.271170763517194,0.232046689316297,0.07788223416718722,0.0,34.0
rwhe,GNN-CORO,12.80886021454804,0.450182248959526,0.32978279329884413,0.0,34.0
axbycz,GNN-CORO,11.58766754830564,0.15396749160946838,0.10638876909476873,0.0,34.0
hand_eye,ZNN-SVD,0.483963751833337,0.009242278972028145,0.00029658365349563776,1.0,35.0
rwhe,ZNN-SVD,0.8776801138938517,0.02118846760536404,0.00040487512767740236,1.0,35.0
axbycz,ZNN-SVD,0.9357866803580968,0.02907330225138467,0.00028245725795563814,1.0,35.0
hand_eye,ZNN-CORO,0.4839637543742682,0.009242278972028178,0.0002965836534951848,1.0,35.0
rwhe,ZNN-CORO,0.877680115296652,0.02118846760536404,0.0004048751276754486,1.0,35.0
axbycz,ZNN-CORO,0.935786681673799,0.02907330225138569,0.00028245725795448536,1.0,35.0
hand_eye,GNN-SVD,13.857602316368268,0.33098479278104703,0.06857549603401869,0.0,35.0
rwhe,GNN-SVD,3.9545067719031115,0.4765974182285494,0.17677360173622902,1.0,35.0
axbycz,GNN-SVD,13.71898202977729,0.4149748678644423,0.25667536322313483,0.0,35.0
hand_eye,GNN-CORO,13.85760231645602,0.33098479278105797,0.06857549603397728,0.0,35.0
rwhe,GNN-CORO,3.954506772214875,0.47659741822856877,0.1767736017361439,1.0,35.0
axbycz,GNN-CORO,13.718982029866499,0.41497486786445875,0.25667536322304907,0.0,35.0
hand_eye,ZNN-SVD,0.33919890780809503,0.02223685563892461,0.0003052251533409159,1.0,36.0
rwhe,ZNN-SVD,0.5410049583235125,0.015069982554965658,0.00023485396658978484,1.0,36.0
axbycz,ZNN-SVD,1.6607836689551299,0.021566800382877952,0.0005186869793940936,1.0,36.0
hand_eye,ZNN-CORO,0.3391989114377323,0.022236855638924604,0.0003052251533420339,1.0,36.0
rwhe,ZNN-CORO,0.5410049605992404,0.015069982554965632,0.00023485396658824449,1.0,36.0
axbycz,ZNN-CORO,1.6607836696943525,0.02156680038287766,0.0005186869793916542,1.0,36.0
hand_eye,GNN-SVD,0.8882783520098255,0.3484872814290894,0.029551108010346244,1.0,36.0
rwhe,GNN-SVD,9.263935548795265,0.322100451840584,0.14150008966626113,0.0,36.0
axbycz,GNN-SVD,10.211944365616073,0.3454988581493003,0.17529270928402468,0.0,36.0
hand_eye,GNN-CORO,0.8882783533950694,0.34848728142909063,0.02955110801034413,1.0,36.0
rwhe,GNN-CORO,9.263935548927796,0.3221004518406275,0.14150008966612196,0.0,36.0
axbycz,GNN-CORO,10.211944365732109,0.34549885814931663,0.17529270928387286,0.0,36.0
hand_eye,ZNN-SVD,0.4936895512080414,0.015968578862427977,0.0003632676915416709,1.0,37.0
rwhe,ZNN-SVD,0.40772843837001665,0.022713665746579202,0.0005282576156749192,1.0,37.0
axbycz,ZNN-SVD,0.5413749836433517,0.0280151674798884,0.0004327880111590963,1.0,37.0
hand_eye,ZNN-CORO,0.4936895537003933,0.015968578862428005,0.00036326769154339564,1.0,37.0
rwhe,ZNN-CORO,0.4077284413949688,0.022713665746579133,0.0005282576156725237,1.0,37.0
axbycz,ZNN-CORO,0.5413749859161778,0.028015167479886905,0.000432788011157016,1.0,37.0
hand_eye,GNN-SVD,1.0369493470928879,0.2523638692639732,0.012577416760171411,1.0,37.0
rwhe,GNN-SVD,12.304379993059268,0.4017065773088934,0.16060583183560304,0.0,37.0
axbycz,GNN-SVD,16.241079499721657,0.34800851609999206,0.23392157386171833,0.0,37.0
hand_eye,GNN-CORO,1.036949348281651,0.2523638692639643,0.012577416760189938,1.0,37.0
rwhe,GNN-CORO,12.304379993158308,0.4017065773088938,0.16060583183551935,0.0,37.0
axbycz,GNN-CORO,16.241079499793305,0.3480085161000025,0.23392157386154222,0.0,37.0
hand_eye,ZNN-SVD,0.362543660927515,0.005595430009657384,0.0004046667816736413,1.0,38.0
rwhe,ZNN-SVD,0.6428431035374035,0.010296960447053074,0.00025085302948830513,1.0,38.0
axbycz,ZNN-SVD,1.1819176399218703,0.03660592299332881,0.0006722116515741055,1.0,38.0
hand_eye,ZNN-CORO,0.3625436643214265,0.0055954300096573775,0.0004046667816734952,1.0,38.0
rwhe,ZNN-CORO,0.6428431054514923,0.010296960447053059,0.0002508530294858002,1.0,38.0
axbycz,ZNN-CORO,1.1819176409623753,0.0366059229933302,0.0006722116515682068,1.0,38.0
hand_eye,GNN-SVD,7.539651703848194,0.2914625157044922,0.03962206687470258,0.0,38.0
rwhe,GNN-SVD,15.01308080491035,0.222345900392031,0.16004333570319176,0.0,38.0
axbycz,GNN-SVD,10.011006488577612,0.3712157542987226,0.7504280369749463,0.0,38.0
hand_eye,GNN-CORO,7.539651704011279,0.29146251570449355,0.03962206687469175,0.0,38.0
rwhe,GNN-CORO,15.013080804991336,0.22234590039205782,0.16004333570309365,0.0,38.0
axbycz,GNN-CORO,10.011006488701074,0.3712157542987503,0.7504280369746323,0.0,38.0
hand_eye,ZNN-SVD,0.5576390027568061,0.009088906231209271,0.0003098115104278914,1.0,39.0
rwhe,ZNN-SVD,1.368044001716791,0.03468256366512751,0.00037769197118340793,1.0,39.0
axbycz,ZNN-SVD,1.297657327555265,0.029914190091315927,0.00033969928041852645,1.0,39.0
hand_eye,ZNN-CORO,0.5576390049633452,0.009088906231209217,0.0003098115104293186,1.0,39.0
rwhe,ZNN-CORO,1.3680440026178855,0.03468256366512752,0.0003776919711807497,1.0,39.0
axbycz,ZNN-CORO,1.2976573285035415,0.029914190091316507,0.0003396992804170047,1.0,39.0
hand_eye,GNN-SVD,17.51546546232549,0.4365846123884645,0.1452854400290991,0.0,39.0
rwhe,GNN-SVD,7.95645545838668,0.2604686301824764,0.1278645832931208,0.0,39.0
axbycz,GNN-SVD,16.015111773140084,0.44903757839362385,0.2276908671882374,0.0,39.0
hand_eye,GNN-CORO,17.515465462394605,0.43658461238847324,0.14528544002904026,0.0,39.0
rwhe,GNN-CORO,7.956455458541273,0.2604686301825069,0.12786458329300063,0.0,39.0
axbycz,GNN-CORO,16.015111773216216,0.4490375783936339,0.22769086718812415,0.0,39.0
hand_eye,ZNN-SVD,0.5104033465240602,0.020961744429042126,0.0005675265806832203,1.0,40.0
rwhe,ZNN-SVD,0.4026031894610637,0.030047330842179785,0.00016768715250982977,1.0,40.0
axbycz,ZNN-SVD,1.5309253502398539,0.029972327808136915,0.00044969737348401595,1.0,40.0
hand_eye,ZNN-CORO,0.510403348934799,0.020961744429042126,0.0005675265806804658,1.0,40.0
rwhe,ZNN-CORO,0.4026031925118498,0.030047330842179795,0.00016768715251110544,1.0,40.0
axbycz,ZNN-CORO,1.530925351044144,0.029972327808135583,0.00044969737348345357,1.0,40.0
hand_eye,GNN-SVD,4.5174650797135385,0.40274099917559775,0.049502881376732866,1.0,40.0
rwhe,GNN-SVD,10.30093345139535,0.19406176651893783,0.08086405214148534,0.0,40.0
axbycz,GNN-SVD,15.465632456400664,0.4733135837375233,0.8554930192116641,0.0,40.0
hand_eye,GNN-CORO,4.517465079985871,0.40274099917561657,0.04950288137667024,1.0,40.0
rwhe,GNN-CORO,10.300933451514306,0.1940617665189515,0.08086405214143942,0.0,40.0
axbycz,GNN-CORO,15.46563245647986,0.4733135837375596,0.8554930192112904,0.0,40.0
hand_eye,ZNN-SVD,0.24504530899995733,0.012269526295709838,0.0002015795357652669,1.0,41.0
rwhe,ZNN-SVD,0.4747557241177041,0.04449476162869351,0.00028997349128988704,1.0,41.0
axbycz,ZNN-SVD,0.6726827896490256,0.021347067204619027,0.00039065356616236783,1.0,41.0
hand_eye,ZNN-CORO,0.2450453140241938,0.012269526295709838,0.00020157953576385498,1.0,41.0
rwhe,ZNN-CORO,0.4747557267094516,0.044494761628693515,0.00028997349128654124,1.0,41.0
axbycz,ZNN-CORO,0.6726827914803777,0.021347067204619128,0.000390653566160768,1.0,41.0
hand_eye,GNN-SVD,16.481462741258152,0.45733006463050957,0.17414119720310076,0.0,41.0
rwhe,GNN-SVD,7.5333573544922094,0.17882494539609345,0.04905611727025928,0.0,41.0
axbycz,GNN-SVD,14.43730852620006,0.36203398194499836,0.2826572576976748,0.0,41.0
hand_eye,GNN-CORO,16.481462741331473,0.45733006463052683,0.17414119720300816,0.0,41.0
rwhe,GNN-CORO,7.533357354655139,0.17882494539610114,0.049056117270235455,0.0,41.0
axbycz,GNN-CORO,14.437308526284662,0.3620339819450169,0.28265725769761274,0.0,41.0
hand_eye,ZNN-SVD,0.30212614613496497,0.009291871741093291,0.000526473164111844,1.0,42.0
rwhe,ZNN-SVD,0.6694840812133053,0.0366818990193162,0.000655311642262017,1.0,42.0
axbycz,ZNN-SVD,1.1206568509125576,0.06064101043905228,0.0009199068805905413,1.0,42.0
hand_eye,ZNN-CORO,0.30212615021721445,0.009291871741093315,0.0005264731641130165,1.0,42.0
rwhe,ZNN-CORO,0.6694840830479629,0.03668189901931622,0.0006553116422568927,1.0,42.0
axbycz,ZNN-CORO,1.120656852008633,0.06064101043905246,0.0009199068805910085,1.0,42.0
hand_eye,GNN-SVD,12.530401507762928,0.6193093734687203,0.04750475051802852,0.0,42.0
rwhe,GNN-SVD,11.635925966447179,0.4725494521516879,0.2584254621769362,0.0,42.0
axbycz,GNN-SVD,14.30836405575868,0.33011701685351214,0.13734307521377065,0.0,42.0
hand_eye,GNN-CORO,12.530401507860269,0.6193093734687197,0.047504750518020056,0.0,42.0
rwhe,GNN-CORO,11.635925966552138,0.4725494521517225,0.2584254621767938,0.0,42.0
axbycz,GNN-CORO,14.308364055844237,0.33011701685351896,0.1373430752136935,0.0,42.0
hand_eye,ZNN-SVD,0.12840738727564838,0.012305543696325808,0.0005295269748780235,1.0,43.0
rwhe,ZNN-SVD,0.3888559006874107,0.00986560706030565,0.0002801060186449847,1.0,43.0
axbycz,ZNN-SVD,0.7662048833101904,0.010100791203610947,0.00037085140086548556,1.0,43.0
hand_eye,ZNN-CORO,0.12840739685223873,0.012305543696325782,0.000529526974876539,1.0,43.0
rwhe,ZNN-CORO,0.3888559038497992,0.009865607060305556,0.00028010601864421683,1.0,43.0
axbycz,ZNN-CORO,0.766204884916118,0.010100791203611632,0.0003708514008648097,1.0,43.0
hand_eye,GNN-SVD,8.464781302087994,0.5172672520780929,0.14711464817257086,0.0,43.0
rwhe,GNN-SVD,12.367814108037896,0.45093493232847087,0.38085071201073406,0.0,43.0
axbycz,GNN-SVD,14.203475105399509,0.30166869322632217,0.2065383622726043,0.0,43.0
hand_eye,GNN-CORO,8.464781302235094,0.5172672520781052,0.1471146481725293,0.0,43.0
rwhe,GNN-CORO,12.367814108136496,0.45093493232850973,0.3808507120105464,0.0,43.0
axbycz,GNN-CORO,14.203475105484802,0.3016686932263489,0.20653836227248296,0.0,43.0
hand_eye,ZNN-SVD,0.23834113077126862,0.009105115279686545,0.000386241972037706,1.0,44.0
rwhe,ZNN-SVD,0.6515235016272225,0.015725327412571773,0.0003687827748551603,1.0,44.0
axbycz,ZNN-SVD,0.4388038653206492,0.012771711488394035,0.0003785747853572191,1.0,44.0
hand_eye,ZNN-CORO,0.23834113592765335,0.009105115279686549,0.0003862419720380794,1.0,44.0
rwhe,ZNN-CORO,0.6515235035169293,0.015725327412571814,0.00036878277485508505,1.0,44.0
axbycz,ZNN-CORO,0.4388038681214155,0.012771711488392781,0.0003785747853575653,1.0,44.0
hand_eye,GNN-SVD,14.755567829872279,0.19574038196989346,0.05912245834257673,0.0,44.0
rwhe,GNN-SVD,13.86273386142307,0.5510809675482629,0.27094821312197975,0.0,44.0
axbycz,GNN-SVD,4.594794431785493,0.3313212832659694,0.1297182152363951,1.0,44.0
hand_eye,GNN-CORO,14.755567829954595,0.19574038196989768,0.059122458342546674,0.0,44.0
rwhe,GNN-CORO,13.862733861511002,0.5510809675482736,0.2709482131218586,0.0,44.0
axbycz,GNN-CORO,4.594794432053886,0.33132128326598187,0.12971821523634722,1.0,44.0
hand_eye,ZNN-SVD,0.22221667487859717,0.005848383140215902,0.00016303651909614048,1.0,45.0
rwhe,ZNN-SVD,0.858044510675858,0.015379492441682215,0.00016032252391387324,1.0,45.0
axbycz,ZNN-SVD,0.9410178730460629,0.02494063432543201,0.0005743942187938866,1.0,45.0
hand_eye,ZNN-CORO,0.22221668042225776,0.005848383140215941,0.0001630365190966698,1.0,45.0
rwhe,ZNN-CORO,0.8580445121099082,0.01537949244168221,0.00016032252391527319,1.0,45.0
axbycz,ZNN-CORO,0.9410178743552263,0.0249406343254325,0.0005743942187946373,1.0,45.0
hand_eye,GNN-SVD,11.57340166574805,0.31764772563695864,0.027894307251057654,0.0,45.0
rwhe,GNN-SVD,11.34332098073739,0.19092122185527663,0.22204353527238577,0.0,45.0
axbycz,GNN-SVD,14.195622011480115,0.493589227601002,0.2999295553820699,0.0,45.0
hand_eye,GNN-CORO,11.573401665853696,0.31764772563695926,0.02789430725104718,0.0,45.0
rwhe,GNN-CORO,11.343320980844764,0.19092122185528665,0.22204353527227427,0.0,45.0
axbycz,GNN-CORO,14.195622011566128,0.4935892276010111,0.29992955538195,0.0,45.0
hand_eye,ZNN-SVD,0.38584337536506685,0.007272272204519247,0.0006528778604179787,1.0,46.0
rwhe,ZNN-SVD,0.7266592123653389,0.03510091464874719,0.000216601877435382,1.0,46.0
axbycz,ZNN-SVD,0.5259249525733753,0.01691273202104014,0.000593351626361923,1.0,46.0
hand_eye,ZNN-CORO,0.3858433785521457,0.00727227220451925,0.0006528778604174001,1.0,46.0
rwhe,ZNN-CORO,0.7266592140576548,0.03510091464874717,0.00021660187743733855,1.0,46.0
axbycz,ZNN-CORO,0.5259249549157399,0.016912732021041946,0.0005933516263611294,1.0,46.0
hand_eye,GNN-SVD,5.2448899296854,0.21119866480236327,0.02061657487134012,0.0,46.0
rwhe,GNN-SVD,9.942836933896805,0.2538435911715059,0.08235085060624656,0.0,46.0
axbycz,GNN-SVD,15.9885206016677,0.32672695220810494,0.35032634105694394,0.0,46.0
hand_eye,GNN-CORO,5.2448899299192115,0.21119866480236418,0.020616574871335586,0.0,46.0
rwhe,GNN-CORO,9.942836934019704,0.2538435911715205,0.08235085060612847,0.0,46.0
axbycz,GNN-CORO,15.988520601743263,0.3267269522081177,0.35032634105683047,0.0,46.0
hand_eye,ZNN-SVD,0.5515466449606804,0.014761181818368897,0.00022093363769260348,1.0,47.0
rwhe,ZNN-SVD,0.5595565913024042,0.008282785268870187,0.00039279966912836355,1.0,47.0
axbycz,ZNN-SVD,0.7283714210489534,0.05130444624415404,0.0005456476245725491,1.0,47.0
hand_eye,ZNN-CORO,0.5515466471929138,0.014761181818368902,0.00022093363769243147,1.0,47.0
rwhe,ZNN-CORO,0.5595565935013819,0.008282785268870168,0.00039279966912732987,1.0,47.0
axbycz,ZNN-CORO,0.7283714227412945,0.051304446244153826,0.0005456476245672934,1.0,47.0
hand_eye,GNN-SVD,12.747754446568598,0.2640930525481423,0.038712326248964764,0.0,47.0
rwhe,GNN-SVD,14.63084174424697,0.2905007154143071,0.15882160881026994,0.0,47.0
axbycz,GNN-SVD,14.74617529276742,0.4574746997759813,0.4122838096640085,0.0,47.0
hand_eye,GNN-CORO,12.747754446664306,0.26409305254814563,0.03871232624894488,0.0,47.0
rwhe,GNN-CORO,14.630841744327354,0.2905007154143222,0.15882160881015392,0.0,47.0
axbycz,GNN-CORO,14.746175292849841,0.4574746997760102,0.41228380966389544,0.0,47.0
hand_eye,ZNN-SVD,0.41340404287965005,0.047871411381973136,0.00025331099791455337,1.0,48.0
rwhe,ZNN-SVD,0.4713590776367648,0.028095231574054715,0.00040370105485170506,1.0,48.0
axbycz,ZNN-SVD,1.0373034532655288,0.016021021560394994,0.0004603520925763163,1.0,48.0
hand_eye,ZNN-CORO,0.413404045859547,0.047871411381973185,0.00025331099791534023,1.0,48.0
rwhe,ZNN-CORO,0.47135908024718826,0.028095231574054733,0.0004037010548528478,1.0,48.0
axbycz,ZNN-CORO,1.0373034544517776,0.016021021560394373,0.0004603520925743278,1.0,48.0
hand_eye,GNN-SVD,13.090769666773728,0.349630891305628,0.04701313370314305,0.0,48.0
rwhe,GNN-SVD,5.437811436089226,0.3893198675312054,0.14899205516711597,0.0,48.0
axbycz,GNN-SVD,10.615451654300117,0.407934296541961,0.32758660276625096,0.0,48.0
hand_eye,GNN-CORO,13.0907696668668,0.3496308913056311,0.047013133703126285,0.0,48.0
rwhe,GNN-CORO,5.437811436310739,0.38931986753122255,0.14899205516699113,0.0,48.0
axbycz,GNN-CORO,10.615451654415104,0.40793429654197305,0.3275866027660914,0.0,48.0
hand_eye,ZNN-SVD,0.1941939136184276,0.012399349671742041,0.00026456207411261186,1.0,49.0
rwhe,ZNN-SVD,0.7396848159842048,0.024526948008698465,0.0003582407645949075,1.0,49.0
axbycz,ZNN-SVD,0.900464077224417,0.014804088208821167,0.0004537266150209882,1.0,49.0
hand_eye,ZNN-CORO,0.19419391995454396,0.012399349671742088,0.00026456207411227765,1.0,49.0
rwhe,ZNN-CORO,0.7396848176477065,0.02452694800869848,0.00035824076459541895,1.0,49.0
axbycz,ZNN-CORO,0.9004640785909164,0.014804088208821252,0.00045372661501817045,1.0,49.0
hand_eye,GNN-SVD,9.157841984729828,0.4178106013142224,0.04964759316513315,0.0,49.0
rwhe,GNN-SVD,12.033878731205277,0.24194172717998658,0.1848818634587105,0.0,49.0
axbycz,GNN-SVD,14.708159302143534,0.3053675412155589,0.42771112627453217,0.0,49.0
hand_eye,GNN-CORO,9.15784198486404,0.417810601314221,0.04964759316513312,0.0,49.0
rwhe,GNN-CORO,12.033878731308768,0.24194172718000093,0.18488186345851212,0.0,49.0
axbycz,GNN-CORO,14.708159302226962,0.30536754121558085,0.4277111262746117,0.0,49.0
hand_eye,ZNN-SVD,0.44359697707734747,0.01261201126971468,0.0002191670903501496,1.0,50.0
rwhe,ZNN-SVD,0.7904468584281683,0.0287878080402822,0.0003859076184009811,1.0,50.0
axbycz,ZNN-SVD,0.8270617642689209,0.03492254329336929,0.0005463060261296419,1.0,50.0
hand_eye,ZNN-CORO,0.4435969798527814,0.012612011269714693,0.00021916709035103865,1.0,50.0
rwhe,ZNN-CORO,0.7904468599857695,0.02878780804028229,0.00038590761840212335,1.0,50.0
axbycz,ZNN-CORO,0.8270617657584511,0.03492254329336959,0.0005463060261264058,1.0,50.0
hand_eye,GNN-SVD,4.113286427376408,0.302330691990983,0.017204639946849017,1.0,50.0
rwhe,GNN-SVD,9.09134732554612,0.17873259056990531,0.1120956029322407,0.0,50.0
axbycz,GNN-SVD,11.400233015100095,0.1995288024027427,0.13241890786625443,0.0,50.0
hand_eye,GNN-CORO,4.113286427674736,0.30233069199098733,0.017204639946837474,1.0,50.0
rwhe,GNN-CORO,9.091347325680823,0.17873259056992477,0.11209560293220362,0.0,50.0
axbycz,GNN-CORO,11.400233015208098,0.19952880240275817,0.13241890786615435,0.0,50.0
hand_eye,ZNN-SVD,0.35281375092030953,0.00892417231537916,0.0002546740647704688,1.0,51.0
rwhe,ZNN-SVD,0.8597676637328707,0.011970359348357058,0.0002059239937571698,1.0,51.0
axbycz,ZNN-SVD,0.4490797380789562,0.052327087154407106,0.0003916740117984488,1.0,51.0
hand_eye,ZNN-CORO,0.3528137544098833,0.008924172315379161,0.0002546740647682494,1.0,51.0
rwhe,ZNN-CORO,0.8597676651623514,0.01197035934835706,0.0002059239937564411,1.0,51.0
axbycz,ZNN-CORO,0.44907974082050595,0.052327087154406454,0.00039167401179998477,1.0,51.0
hand_eye,GNN-SVD,5.677471641392209,0.13235724669387944,0.017375251701157262,0.0,51.0
rwhe,GNN-SVD,13.476471143932443,0.25380541205546386,0.11568470126930315,0.0,51.0
axbycz,GNN-SVD,4.380177211678646,0.3296435728685851,0.19344425146468136,1.0,51.0
hand_eye,GNN-CORO,5.677471641608515,0.1323572466938817,0.017375251701147006,0.0,51.0
rwhe,GNN-CORO,13.476471144021971,0.2538054120554772,0.11568470126923218,0.0,51.0
axbycz,GNN-CORO,4.380177211960329,0.32964357286861373,0.19344425146460323,1.0,51.0
hand_eye,ZNN-SVD,0.5572343859988158,0.012644198592248856,0.0003569015132794266,1.0,52.0
rwhe,ZNN-SVD,0.8133717112442993,0.013247855548403254,0.00034208727159735667,1.0,52.0
axbycz,ZNN-SVD,0.7294930006007234,0.013204876925167154,0.0004106192756574875,1.0,52.0
hand_eye,ZNN-CORO,0.5572343882056491,0.012644198592248834,0.0003569015132793805,1.0,52.0
rwhe,ZNN-CORO,0.8133717127571061,0.013247855548403254,0.00034208727159495267,1.0,52.0
axbycz,ZNN-CORO,0.7294930022904628,0.013204876925168902,0.00041061927565683935,1.0,52.0
hand_eye,GNN-SVD,16.7396616659361,0.21077115895972,0.057608015628967495,0.0,52.0
rwhe,GNN-SVD,13.959440446292781,0.400149698318363,0.33447037072295593,0.0,52.0
axbycz,GNN-SVD,13.80433985946222,0.33325404023260874,0.36342564521059456,0.0,52.0
hand_eye,GNN-CORO,16.739661666008587,0.21077115895972098,0.05760801562894252,0.0,52.0
rwhe,GNN-CORO,13.95944044638254,0.4001496983183923,0.33447037072283736,0.0,52.0
axbycz,GNN-CORO,13.80433985955094,0.333254040232638,0.3634256452104734,0.0,52.0
hand_eye,ZNN-SVD,0.40505126363445354,0.011401835252814206,0.0007318683038125819,1.0,53.0
rwhe,ZNN-SVD,0.5825719310225538,0.010527040308448924,0.000301860304687896,1.0,53.0
axbycz,ZNN-SVD,0.9115376472722901,0.03657919543882755,0.0005588933011725155,1.0,53.0
hand_eye,ZNN-CORO,0.4050512666722002,0.011401835252814206,0.0007318683038121256,1.0,53.0
rwhe,ZNN-CORO,0.5825719331334093,0.010527040308448867,0.0003018603046850842,1.0,53.0
axbycz,ZNN-CORO,0.9115376486221903,0.03657919543882786,0.0005588933011752743,1.0,53.0
hand_eye,GNN-SVD,12.83963319208118,0.37448960049828806,0.09219464458218996,0.0,53.0
rwhe,GNN-SVD,11.822827913339298,0.43933734443830963,0.261429565806599,0.0,53.0
axbycz,GNN-SVD,14.482441129008748,0.5088110460492954,0.4781745524622313,0.0,53.0
hand_eye,GNN-CORO,12.839633192176901,0.3744896004982991,0.09219464458214928,0.0,53.0
rwhe,GNN-CORO,11.82282791344225,0.43933734443832784,0.2614295658064962,0.0,53.0
axbycz,GNN-CORO,14.4824411290935,0.5088110460493094,0.47817455246206575,0.0,53.0
hand_eye,ZNN-SVD,0.17879052814283872,0.02744895466369247,0.000351694212505297,1.0,54.0
rwhe,ZNN-SVD,0.14239489196828234,0.01627490858445131,0.000538178127997865,1.0,54.0
axbycz,ZNN-SVD,0.9206208477964274,0.03908192879712002,0.0006541886862662947,1.0,54.0
hand_eye,ZNN-CORO,0.17879053503298406,0.027448954663692453,0.00035169421250330775,1.0,54.0
rwhe,ZNN-CORO,0.14239490062463858,0.016274908584451304,0.0005381781279990006,1.0,54.0
axbycz,ZNN-CORO,0.9206208491322182,0.03908192879712038,0.0006541886862622068,1.0,54.0
hand_eye,GNN-SVD,0.5606306815915159,0.45778760642239835,0.04296683853968383,1.0,54.0
rwhe,GNN-SVD,7.422755618480254,0.5309876484364038,0.3042076096509695,0.0,54.0
axbycz,GNN-SVD,7.927919786942805,0.4592832796481473,0.30457111908773504,0.0,54.0
hand_eye,GNN-CORO,0.5606306837836802,0.45778760642240945,0.04296683853964448,1.0,54.0
rwhe,GNN-CORO,7.422755618645106,0.5309876484364313,0.30420760965080346,0.0,54.0
axbycz,GNN-CORO,7.927919787098135,0.4592832796481874,0.3045711190875555,0.0,54.0
hand_eye,ZNN-SVD,0.36427193821045517,0.021736126602583932,0.0003090601957277807,1.0,55.0
rwhe,ZNN-SVD,0.8126980399627952,0.03384730604261152,0.00015693842351028228,1.0,55.0
axbycz,ZNN-SVD,0.9520126090965133,0.009639784571893994,0.0006149544787196789,1.0,55.0
hand_eye,ZNN-CORO,0.36427194158626347,0.021736126602583904,0.00030906019572789835,1.0,55.0
rwhe,ZNN-CORO,0.8126980414759589,0.033847306042611526,0.00015693842351005287,1.0,55.0
axbycz,ZNN-CORO,0.9520126103874959,0.009639784571891605,0.0006149544787191593,1.0,55.0
hand_eye,GNN-SVD,11.950572986729343,0.17514830802503814,0.02560531739833762,0.0,55.0
rwhe,GNN-SVD,7.658461630068421,0.190838041153405,0.07694424974596255,0.0,55.0
axbycz,GNN-SVD,15.657066396865922,0.38828562562975866,0.17906765910125472,0.0,55.0
hand_eye,GNN-CORO,11.950572986831702,0.17514830802503986,0.02560531739832389,0.0,55.0
rwhe,GNN-CORO,7.658461630228038,0.19083804115340994,0.0769442497459182,0.0,55.0
axbycz,GNN-CORO,15.657066396944224,0.38828562562975416,0.17906765910111522,0.0,55.0
hand_eye,ZNN-SVD,0.4712771899928107,0.012069726569218193,0.00042329644668150936,1.0,56.0
rwhe,ZNN-SVD,0.5132357401857808,0.01996285741343567,0.0006109653968615053,1.0,56.0
axbycz,ZNN-SVD,0.887414622189685,0.028824135638479614,0.0005649461465512514,1.0,56.0
hand_eye,ZNN-CORO,0.4712771926083279,0.012069726569218215,0.00042329644668029077,1.0,56.0
rwhe,ZNN-CORO,0.513235742584636,0.01996285741343571,0.0006109653968558835,1.0,56.0
axbycz,ZNN-CORO,0.8874146235762771,0.02882413563848002,0.0005649461465507533,1.0,56.0
hand_eye,GNN-SVD,15.132190480177089,0.23058192839393407,0.04024049504082746,0.0,56.0
rwhe,GNN-SVD,10.942440589633431,0.5544854252684634,0.08199951237631256,0.0,56.0
axbycz,GNN-SVD,12.706229525960055,0.5070948840228127,0.3727505368033457,0.0,56.0
hand_eye,GNN-CORO,15.13219048025755,0.23058192839393704,0.040240495040804874,0.0,56.0
rwhe,GNN-CORO,10.942440589745358,0.5544854252684875,0.08199951237624932,0.0,56.0
axbycz,GNN-CORO,12.706229526056418,0.5070948840228138,0.37275053680319364,0.0,56.0
hand_eye,ZNN-SVD,0.3278893894621951,0.0149988625533159,0.0006295336932236268,1.0,57.0
rwhe,ZNN-SVD,0.3583469049025431,0.06255151439546895,0.000508375050530479,1.0,57.0
axbycz,ZNN-SVD,1.5682572535083468,0.021151438231618004,0.0007953302852294775,1.0,57.0
hand_eye,ZNN-CORO,0.32788939321702393,0.014998862553315924,0.0006295336932232946,1.0,57.0
rwhe,ZNN-CORO,0.35834690833823585,0.06255151439546902,0.0005083750505346971,1.0,57.0
axbycz,ZNN-CORO,1.5682572542934958,0.02115143823161942,0.0007953302852285486,1.0,57.0
hand_eye,GNN-SVD,10.192786353955142,0.24124840525299682,0.029414246581752176,0.0,57.0
rwhe,GNN-SVD,1.9799799488988792,0.36691600655398,0.12223978842113453,1.0,57.0
axbycz,GNN-SVD,11.264912899282246,0.37668417562791034,0.16744174263380746,0.0,57.0
hand_eye,GNN-CORO,10.192786354075347,0.24124840525300242,0.02941424658173403,0.0,57.0
rwhe,GNN-CORO,1.9799799495208081,0.36691600655400214,0.12223978842107797,1.0,57.0
axbycz,GNN-CORO,11.264912899391335,0.3766841756279221,0.1674417426337157,0.0,57.0
hand_eye,ZNN-SVD,0.3541092071012358,0.006323927950043442,0.00027667735947799,1.0,58.0
rwhe,ZNN-SVD,0.41110205446795767,0.02702986940534917,0.0004244099959822332,1.0,58.0
axbycz,ZNN-SVD,0.7778619743913285,0.018099792842539042,0.0006795459143913625,1.0,58.0
hand_eye,ZNN-CORO,0.35410921057598505,0.006323927950043442,0.000276677359476893,1.0,58.0
rwhe,ZNN-CORO,0.411102057459221,0.027029869405349113,0.00042440999598374784,1.0,58.0
axbycz,ZNN-CORO,0.7778619759731911,0.018099792842539132,0.0006795459143937098,1.0,58.0
hand_eye,GNN-SVD,18.003813995048095,0.25028380716527154,0.0866387670898955,0.0,58.0
rwhe,GNN-SVD,14.099962648966962,0.3485249411763241,0.2603598953220003,0.0,58.0
axbycz,GNN-SVD,12.181346089353932,0.29771692178891107,0.22509840381756402,0.0,58.0
hand_eye,GNN-CORO,18.003813995115557,0.2502838071652719,0.08663876708985795,0.0,58.0
rwhe,GNN-CORO,14.099962649053495,0.34852494117633903,0.2603598953218818,0.0,58.0
axbycz,GNN-CORO,12.18134608945408,0.29771692178892545,0.22509840381757726,0.0,58.0
hand_eye,ZNN-SVD,0.37901959303711336,0.006294411224617705,0.00036600083876387043,1.0,59.0
rwhe,ZNN-SVD,0.6638002253691999,0.012204436447508946,0.00022723832466165568,1.0,59.0
axbycz,ZNN-SVD,0.6782934466256958,0.017921744831374733,0.0006751189873545183,1.0,59.0
hand_eye,ZNN-CORO,0.3790195962815707,0.0062944112246177035,0.00036600083876539314,1.0,59.0
rwhe,ZNN-CORO,0.6638002272217625,0.012204436447508939,0.0002272383246595021,1.0,59.0
axbycz,ZNN-CORO,0.6782934484376015,0.017921744831374584,0.0006751189873590021,1.0,59.0
hand_eye,GNN-SVD,14.000672170796935,0.2414521805324226,0.07401208463774384,0.0,59.0
rwhe,GNN-SVD,8.633460924009112,0.3393838026971912,0.18329973031963143,0.0,59.0
axbycz,GNN-SVD,10.900721858185594,0.45226293320225436,0.2555874261127392,0.0,59.0
hand_eye,GNN-CORO,14.00067217088407,0.24145218053243575,0.074012084637695,0.0,59.0
rwhe,GNN-CORO,8.633460924150986,0.3393838026972308,0.18329973031951682,0.0,59.0
axbycz,GNN-CORO,10.900721858297674,0.4522629332022728,0.25558742611268487,0.0,59.0
hand_eye,ZNN-SVD,0.38300053341615614,0.008658892774869878,0.0003076420403676718,1.0,60.0
rwhe,ZNN-SVD,0.3974047828387848,0.016807352008349662,0.00028885955958733646,1.0,60.0
axbycz,ZNN-SVD,0.7781251226949467,0.02084089541187167,0.00036117836840869643,1.0,60.0
hand_eye,ZNN-CORO,0.38300053663069733,0.008658892774869888,0.0003076420403673381,1.0,60.0
rwhe,ZNN-CORO,0.3974047859368141,0.016807352008349652,0.0002888595595849072,1.0,60.0
axbycz,ZNN-CORO,0.7781251242781478,0.020840895411870893,0.00036117836840972664,1.0,60.0
hand_eye,GNN-SVD,5.448998534154406,0.11224653283584476,0.01177454907991562,0.0,60.0
rwhe,GNN-SVD,14.175109933472529,0.47628776267305045,0.25206077679276734,0.0,60.0
axbycz,GNN-SVD,10.973982699837489,0.36764947732065817,0.25006965883762344,0.0,60.0
hand_eye,GNN-CORO,5.4489985343796175,0.11224653283585538,0.011774549079904975,0.0,60.0
rwhe,GNN-CORO,14.175109933560327,0.476287762673077,0.25206077679266803,0.0,60.0
axbycz,GNN-CORO,10.973982699949564,0.3676494773206623,0.25006965883749266,0.0,60.0
hand_eye,ZNN-SVD,0.251957965323667,0.007336436079008352,0.0003312868389857158,1.0,61.0
rwhe,ZNN-SVD,0.5596877923114917,0.012918083791916756,0.00022174524512226816,1.0,61.0
axbycz,ZNN-SVD,0.8137572720385647,0.028611607962226754,0.00039916859666283983,1.0,61.0
hand_eye,ZNN-CORO,0.25195797020427446,0.007336436079008375,0.00033128683898351295,1.0,61.0
rwhe,ZNN-CORO,0.5596877945086515,0.012918083791916756,0.00022174524511993157,1.0,61.0
axbycz,ZNN-CORO,0.8137572735488633,0.028611607962227763,0.00039916859665960165,1.0,61.0
hand_eye,GNN-SVD,17.746989054071758,0.193055455385811,0.07542869002160889,0.0,61.0
rwhe,GNN-SVD,15.59065848770986,0.4463344854029451,0.4432594412983146,0.0,61.0
axbycz,GNN-SVD,14.358525969758665,0.3983202553993904,0.3081522057044959,0.0,61.0
hand_eye,GNN-CORO,17.74698905413979,0.19305545538581043,0.07542869002157382,0.0,61.0
rwhe,GNN-CORO,15.590658487787493,0.44633448540299525,0.44325944129806016,0.0,61.0
axbycz,GNN-CORO,14.358525969844235,0.3983202553993991,0.3081522057043181,0.0,61.0
hand_eye,ZNN-SVD,0.3965794437352898,0.009453917170040325,0.0002644873218638524,1.0,62.0
rwhe,ZNN-SVD,0.6077006747946055,0.036562668776842305,0.00047152262401334565,1.0,62.0
axbycz,ZNN-SVD,0.775932678717024,0.021751319955019242,0.00045324801847406457,1.0,62.0
hand_eye,ZNN-CORO,0.39657944684344265,0.009453917170040406,0.00026448732186293815,1.0,62.0
rwhe,ZNN-CORO,0.6077006768193787,0.03656266877684233,0.00047152262400316564,1.0,62.0
axbycz,ZNN-CORO,0.7759326803028194,0.021751319955024162,0.00045324801847423636,1.0,62.0
hand_eye,GNN-SVD,17.09594319983301,0.3031713617535286,0.07396394822071943,0.0,62.0
rwhe,GNN-SVD,13.831168223577029,0.35956569276033445,0.401861365079001,0.0,62.0
axbycz,GNN-SVD,5.062975103837901,0.35157381955492467,0.28869608849532263,0.0,62.0
hand_eye,GNN-CORO,17.095943199903683,0.3031713617535351,0.07396394822068127,0.0,62.0
rwhe,GNN-CORO,13.831168223665157,0.35956569276035905,0.4018613650787835,0.0,62.0
axbycz,GNN-CORO,5.062975104080234,0.3515738195549408,0.28869608849524914,0.0,62.0
hand_eye,ZNN-SVD,0.1587482768075581,0.012927030350383582,0.0002334943331486499,1.0,63.0
rwhe,ZNN-SVD,0.546747528571199,0.014393181191529037,0.0003683564700221705,1.0,63.0
axbycz,ZNN-SVD,1.5449267309697836,0.02995579326578698,0.0006306362162345788,1.0,63.0
hand_eye,ZNN-CORO,0.15874828457218557,0.012927030350383612,0.00023349433314725314,1.0,63.0
rwhe,ZNN-CORO,0.546747530827025,0.014393181191529048,0.00036835647002029804,1.0,63.0
axbycz,ZNN-CORO,1.5449267317663145,0.02995579326578595,0.0006306362162358972,1.0,63.0
hand_eye,GNN-SVD,10.142701583890322,0.5190340806544979,0.07474707494830335,0.0,63.0
rwhe,GNN-SVD,15.00642456336057,0.3849055788263943,0.39838831662892993,0.0,63.0
axbycz,GNN-SVD,16.5474548823954,0.2796004183453321,0.19413575475508044,0.0,63.0
hand_eye,GNN-CORO,10.14270158401068,0.5190340806545104,0.07474707494824195,0.0,63.0
rwhe,GNN-CORO,15.0064245634411,0.384905578826423,0.3983883166286987,0.0,63.0
axbycz,GNN-CORO,16.547454882468518,0.27960041834534344,0.1941357547549052,0.0,63.0
hand_eye,ZNN-SVD,0.640828838195511,0.012999159134899543,0.00036275597137384527,1.0,64.0
rwhe,ZNN-SVD,0.5561516762775676,0.01316511246478359,0.00018336165810952645,1.0,64.0
axbycz,ZNN-SVD,0.5748942856743651,0.03003770526556834,0.0002958108436548053,1.0,64.0
hand_eye,ZNN-CORO,0.6408288401178908,0.012999159134899569,0.0003627559713738414,1.0,64.0
rwhe,ZNN-CORO,0.5561516784926289,0.013165112464783607,0.0001833616581086163,1.0,64.0
axbycz,ZNN-CORO,0.5748942878159456,0.03003770526556883,0.0002958108436563262,1.0,64.0
hand_eye,GNN-SVD,11.01822391146343,0.30689061286627795,0.05603807893179582,0.0,64.0
rwhe,GNN-SVD,15.986680758878801,0.40390393571953775,0.2100852770604916,0.0,64.0
axbycz,GNN-SVD,13.725829678799343,0.4500139649692934,0.6126756893864791,0.0,64.0
hand_eye,GNN-CORO,11.018223911574264,0.3068906128662808,0.05603807893177465,0.0,64.0
rwhe,GNN-CORO,15.986680758955064,0.4039039357195286,0.21008527706039912,0.0,64.0
axbycz,GNN-CORO,13.72582967888867,0.45001396496933077,0.6126756893861858,0.0,64.0
hand_eye,ZNN-SVD,0.522308354713617,0.019911693804198025,0.00023508830521019595,1.0,65.0
rwhe,ZNN-SVD,0.500568425883857,0.021694514520275425,0.00025029400364454764,1.0,65.0
axbycz,ZNN-SVD,0.6994228831447395,0.01670029669800215,0.00020266950812466473,1.0,65.0
hand_eye,ZNN-CORO,0.5223083570708048,0.019911693804198043,0.00023508830521041873,1.0,65.0
rwhe,ZNN-CORO,0.5005684283419596,0.02169451452027543,0.00025029400364484075,1.0,65.0
axbycz,ZNN-CORO,0.699422884903995,0.01670029669800288,0.00020266950812322017,1.0,65.0
hand_eye,GNN-SVD,1.0066647724567177,0.30881077376232324,0.006973046916622468,1.0,65.0
rwhe,GNN-SVD,10.927282479429858,0.26746241170228335,0.06729278751832261,0.0,65.0
axbycz,GNN-SVD,16.787834173026386,0.3640052890209027,0.20094479049828884,0.0,65.0
hand_eye,GNN-CORO,1.0066647736797916,0.3088107737623221,0.006973046916625716,1.0,65.0
rwhe,GNN-CORO,10.927282479541333,0.2674624117022889,0.06729278751828323,0.0,65.0
axbycz,GNN-CORO,16.787834173107697,0.36400528902089796,0.2009447904983785,0.0,65.0
hand_eye,ZNN-SVD,0.1383024057483965,0.015048840735906708,0.00031269964906818483,1.0,66.0
rwhe,ZNN-SVD,0.478243750809396,0.013616334876383916,0.0002752635202254065,1.0,66.0
axbycz,ZNN-SVD,0.8021511397299258,0.029752912687557635,0.00028817090437397477,1.0,66.0
hand_eye,ZNN-CORO,0.13830241464508952,0.015048840735906652,0.0003126996490681423,1.0,66.0
rwhe,ZNN-CORO,0.4782437533852897,0.013616334876383973,0.00027526352022444743,1.0,66.0
axbycz,ZNN-CORO,0.8021511412629836,0.0297529126875578,0.0002881709043780271,1.0,66.0
hand_eye,GNN-SVD,12.87286730440098,0.39603213376204777,0.06581400436620244,0.0,66.0
rwhe,GNN-SVD,11.502599797122302,0.4604376698122357,0.2933381552891188,0.0,66.0
axbycz,GNN-SVD,13.378420488261684,0.35596933142197024,0.32996995522644923,0.0,66.0
hand_eye,GNN-CORO,12.872867304495601,0.39603213376205404,0.06581400436616795,0.0,66.0
rwhe,GNN-CORO,11.502599797228783,0.4604376698122575,0.2933381552889167,0.0,66.0
axbycz,GNN-CORO,13.378420488353287,0.3559693314220094,0.3299699552263151,0.0,66.0
hand_eye,ZNN-SVD,0.7427643713863402,0.013161141278164494,0.0005646353201495522,1.0,67.0
rwhe,ZNN-SVD,0.4107118847235534,0.028740555946144903,0.0001513951524201957,1.0,67.0
axbycz,ZNN-SVD,0.9556578365937515,0.016530212505419604,0.0005518658450476951,1.0,67.0
hand_eye,ZNN-CORO,0.742764373046871,0.013161141278164526,0.0005646353201486754,1.0,67.0
rwhe,ZNN-CORO,0.4107118877247576,0.02874055594614489,0.00015139515241905039,1.0,67.0
axbycz,ZNN-CORO,0.9556578378828613,0.016530212505423077,0.0005518658450468923,1.0,67.0
hand_eye,GNN-SVD,9.461853414785663,0.18631004728217718,0.014760267159194191,0.0,67.0
rwhe,GNN-SVD,13.557778280223825,0.3183038713792129,0.21682426350834416,0.0,67.0
axbycz,GNN-SVD,17.761765865120996,0.31035733782012026,0.40248178978749183,0.0,67.0
hand_eye,GNN-CORO,9.461853414915216,0.1863100472821763,0.014760267159191378,0.0,67.0
rwhe,GNN-CORO,13.55777828031386,0.31830387137922633,0.21682426350826656,0.0,67.0
axbycz,GNN-CORO,17.761765865190767,0.31035733782015495,0.40248178978736227,0.0,67.0
hand_eye,ZNN-SVD,0.17410097308122655,0.009146257665019397,0.00032712765928733883,1.0,68.0
rwhe,ZNN-SVD,0.5279916663445705,0.013854551288241559,0.00032091096394276365,1.0,68.0
axbycz,ZNN-SVD,0.5480326574787949,0.028559330151542963,0.0003109639633472346,1.0,68.0
hand_eye,ZNN-CORO,0.1741009801527763,0.00914625766501939,0.000327127659285651,1.0,68.0
rwhe,ZNN-CORO,0.5279916686750056,0.013854551288241545,0.0003209109639411546,1.0,68.0
axbycz,ZNN-CORO,0.548032659725341,0.028559330151544767,0.0003109639633471857,1.0,68.0
hand_eye,GNN-SVD,10.385405952597957,0.3279579276582598,0.03235379742653776,0.0,68.0
rwhe,GNN-SVD,17.597455319736454,0.48086051543259883,0.3177671970324942,0.0,68.0
axbycz,GNN-SVD,13.871440848748657,0.3488668816485668,0.23239879147817885,0.0,68.0
hand_eye,GNN-CORO,10.385405952715743,0.32795792765825954,0.03235379742652821,0.0,68.0
rwhe,GNN-CORO,17.5974553198053,0.48086051543262054,0.3177671970323613,0.0,68.0
axbycz,GNN-CORO,13.871440848837011,0.34886688164856805,0.23239879147810028,0.0,68.0
hand_eye,ZNN-SVD,0.19220825177612805,0.005601446750198932,0.0004038925679581017,1.0,69.0
rwhe,ZNN-SVD,0.4188881661539535,0.010083305837192108,0.00026472611771308446,1.0,69.0
axbycz,ZNN-SVD,0.52932635917871,0.02466753691297918,0.0003786118326346534,1.0,69.0
hand_eye,ZNN-CORO,0.19220825817770118,0.005601446750198932,0.00040389256795821766,1.0,69.0
rwhe,ZNN-CORO,0.4188881690913577,0.010083305837192096,0.0002647261177116281,1.0,69.0
axbycz,ZNN-CORO,0.5293263615005148,0.0246675369129811,0.00037861183263649214,1.0,69.0
hand_eye,GNN-SVD,12.976405125484492,0.3266100929462314,0.09683517160444327,0.0,69.0
rwhe,GNN-SVD,5.244631566338671,0.21451621186865616,0.03552637918181114,0.0,69.0
axbycz,GNN-SVD,14.676505745679645,0.3977948166957599,0.27588055229912956,0.0,69.0
hand_eye,GNN-CORO,12.976405125578712,0.326610092946237,0.09683517160440525,0.0,69.0
rwhe,GNN-CORO,5.24463156657124,0.21451621186866077,0.035526379181775807,0.0,69.0
axbycz,GNN-CORO,14.67650574576215,0.39779481669579153,0.2758805522989419,0.0,69.0
hand_eye,ZNN-SVD,0.47271737541345343,0.009601370571416993,0.0003947544516765798,1.0,70.0
rwhe,ZNN-SVD,0.6881912175576788,0.03316345923849975,0.00027862782562170706,1.0,70.0
axbycz,ZNN-SVD,1.4547874126640268,0.027214122440354826,0.0008024470266181211,1.0,70.0
hand_eye,ZNN-CORO,0.47271737801329217,0.009601370571416998,0.00039475445167825993,1.0,70.0
rwhe,ZNN-CORO,0.6881912193456448,0.0331634592384998,0.00027862782562051823,1.0,70.0
axbycz,ZNN-CORO,1.4547874135104009,0.027214122440363923,0.0008024470266188554,1.0,70.0
hand_eye,GNN-SVD,3.178501229938499,0.21209303102887234,0.010948636219635967,1.0,70.0
rwhe,GNN-SVD,8.38533368799393,0.2634019079522759,0.1143441009879836,0.0,70.0
axbycz,GNN-SVD,15.115153871534009,0.24440711760580197,0.3184980036724684,0.0,70.0
hand_eye,GNN-CORO,3.178501230326038,0.21209303102887944,0.010948636219625189,1.0,70.0
rwhe,GNN-CORO,8.38533368814023,0.26340190795229806,0.11434410098789026,0.0,70.0
axbycz,GNN-CORO,15.115153871615144,0.24440711760582268,0.31849800367229153,0.0,70.0
hand_eye,ZNN-SVD,0.26694293812659764,0.015611323015304794,0.0001922251366138117,1.0,71.0
rwhe,ZNN-SVD,0.6107726809860453,0.03052543089825737,0.0003232059283602348,1.0,71.0
axbycz,ZNN-SVD,1.0761592609428352,0.04914969939171069,0.0003552883862420745,1.0,71.0
hand_eye,ZNN-CORO,0.2669429427441543,0.015611323015304768,0.0001922251366128148,1.0,71.0
rwhe,ZNN-CORO,0.6107726830030217,0.030525430898257384,0.00032320592835869316,1.0,71.0
axbycz,ZNN-CORO,1.0761592620862581,0.04914969939171206,0.00035528838624192423,1.0,71.0
hand_eye,GNN-SVD,2.7948465740201955,0.3561621955133347,0.01075538061063716,1.0,71.0
rwhe,GNN-SVD,15.346531627065989,0.3749216025966259,0.23361278748114145,0.0,71.0
axbycz,GNN-SVD,9.578883962644374,0.38191148979506706,0.24719222570288119,0.0,71.0
hand_eye,GNN-CORO,2.7948465744611424,0.3561621955133391,0.010755380610625599,1.0,71.0
rwhe,GNN-CORO,15.346531627145593,0.37492160259665325,0.23361278748103467,0.0,71.0
axbycz,GNN-CORO,9.57888396277251,0.38191148979508693,0.2471922257027795,0.0,71.0
hand_eye,ZNN-SVD,0.255393976206723,0.03279128148582258,0.000562657638728417,1.0,72.0
rwhe,ZNN-SVD,0.4606164789135666,0.02046719889773555,0.0001645383645275495,1.0,72.0
axbycz,ZNN-SVD,1.3357402612529505,0.03760595199655833,0.00027008241840516397,1.0,72.0
hand_eye,ZNN-CORO,0.25539398102737665,0.03279128148582262,0.0005626576387286934,1.0,72.0
rwhe,ZNN-CORO,0.4606164815848695,0.02046719889773555,0.0001645383645289608,1.0,72.0
axbycz,ZNN-CORO,1.3357402621763788,0.037605951996554816,0.0002700824184035246,1.0,72.0
hand_eye,GNN-SVD,16.89356333510041,0.5131646928508449,0.09774050929648655,0.0,72.0
rwhe,GNN-SVD,0.7653604940687766,0.39136482265085343,0.0916659196974875,1.0,72.0
axbycz,GNN-SVD,16.92910050539615,0.48877841878461054,0.3334128998933391,0.0,72.0
hand_eye,GNN-CORO,16.893563335172033,0.5131646928508493,0.097740509296442,0.0,72.0
rwhe,GNN-CORO,0.7653604956755234,0.3913648226508739,0.09166591969745419,1.0,72.0
axbycz,GNN-CORO,16.929100505471737,0.48877841878460526,0.3334128998931585,0.0,72.0
hand_eye,ZNN-SVD,0.3550256483441634,0.009845570126178123,0.00037366336784570224,1.0,73.0
rwhe,ZNN-SVD,0.5747296402682102,0.007107760816246755,0.0002293102366836368,1.0,73.0
axbycz,ZNN-SVD,0.6697467052870711,0.03581091487212592,0.00036531743764290844,1.0,73.0
hand_eye,ZNN-CORO,0.3550256518140497,0.009845570126178115,0.00037366336784640415,1.0,73.0
rwhe,ZNN-CORO,0.5747296424065993,0.007107760816246756,0.00022931023668378882,1.0,73.0
axbycz,ZNN-CORO,0.6697467071242745,0.03581091487212514,0.00036531743763932835,1.0,73.0
hand_eye,GNN-SVD,10.798544131258447,0.27121646439547487,0.054074115034614074,0.0,73.0
rwhe,GNN-SVD,9.734220825715946,0.1414971963826538,0.10343006256352061,0.0,73.0
axbycz,GNN-SVD,11.745191045709497,0.26963764915525906,0.12857300809750183,0.0,73.0
hand_eye,GNN-CORO,10.79854413137144,0.27121646439547953,0.05407411503459223,0.0,73.0
rwhe,GNN-CORO,9.734220825841755,0.14149719638266345,0.10343006256347909,0.0,73.0
axbycz,GNN-CORO,11.745191045814181,0.26963764915526656,0.128573008097422,0.0,73.0
hand_eye,ZNN-SVD,0.4073174173240394,0.014482325977792775,0.0006760974645833493,1.0,74.0
rwhe,ZNN-SVD,0.6971826267826505,0.015347541104113184,0.00023524333705846273,1.0,74.0
axbycz,ZNN-SVD,0.9458645594901286,0.02679084035926437,0.0005586451388585441,1.0,74.0
hand_eye,ZNN-CORO,0.4073174203448856,0.01448232597779278,0.0006760974645825618,1.0,74.0
rwhe,ZNN-CORO,0.6971826285475586,0.015347541104113184,0.00023524333705702747,1.0,74.0
axbycz,ZNN-CORO,0.9458645607879601,0.026790840359263667,0.0005586451388569444,1.0,74.0
hand_eye,GNN-SVD,14.254566353943064,0.17492872103314974,0.0720254482663228,0.0,74.0
rwhe,GNN-SVD,10.204003437295526,0.412623633874427,0.1902523318686705,0.0,74.0
axbycz,GNN-SVD,11.517010229725827,0.4437869867886752,0.1531592357471163,0.0,74.0
hand_eye,GNN-CORO,14.254566354028523,0.1749287210331633,0.07202544826628139,0.0,74.0
rwhe,GNN-CORO,10.204003437415528,0.41262363387444817,0.19025233186858262,0.0,74.0
axbycz,GNN-CORO,11.51701022983447,0.4437869867886787,0.1531592357471479,0.0,74.0
hand_eye,ZNN-SVD,0.28871396968566176,0.014106809982395236,0.0006091456798314899,1.0,75.0
rwhe,ZNN-SVD,0.502747264822145,0.010944768810846769,0.00016134550443385015,1.0,75.0
axbycz,ZNN-SVD,1.0189302736320895,0.06900193823226995,0.0006994019199554958,1.0,75.0
hand_eye,ZNN-CORO,0.28871397394240145,0.014106809982395236,0.0006091456798276513,1.0,75.0
rwhe,ZNN-CORO,0.5027472672695947,0.01094476881084678,0.00016134550443259405,1.0,75.0
axbycz,ZNN-CORO,1.0189302748418727,0.06900193823226969,0.0006994019199526036,1.0,75.0
hand_eye,GNN-SVD,1.8186041736557095,0.530326712700566,0.08698281997261022,1.0,75.0
rwhe,GNN-SVD,12.64708803180736,0.16265842468642328,0.0699723088023393,0.0,75.0
axbycz,GNN-SVD,10.25822718716486,0.4664846588022975,0.5847960479099195,0.0,75.0
hand_eye,GNN-CORO,1.8186041743336065,0.5303267127005824,0.08698281997253991,1.0,75.0
rwhe,GNN-CORO,12.647088031904865,0.16265842468644287,0.0699723088023057,0.0,75.0
axbycz,GNN-CORO,10.258227187284163,0.4664846588023202,0.5847960479096801,0.0,75.0
hand_eye,ZNN-SVD,0.5830428039185397,0.015254842018376635,0.0003468469768915167,1.0,76.0
rwhe,ZNN-SVD,0.37042690121609195,0.01432134830109404,0.0003010258636692835,1.0,76.0
axbycz,ZNN-SVD,1.524347744440172,0.034135082183219534,0.0004543102311956336,1.0,76.0
hand_eye,ZNN-CORO,0.5830428060264402,0.015254842018376662,0.0003468469768908591,1.0,76.0
rwhe,ZNN-CORO,0.3704269045397447,0.014321348301094052,0.00030102586366735547,1.0,76.0
axbycz,ZNN-CORO,1.5243477452474539,0.03413508218321972,0.0004543102311942058,1.0,76.0
hand_eye,GNN-SVD,0.3264316366788022,0.37090580830304853,0.03221125726017076,1.0,76.0
rwhe,GNN-SVD,6.257985297351168,0.3193187494575262,0.06770825617843979,0.0,76.0
axbycz,GNN-SVD,15.59407948929747,0.45712257311539145,0.20585765715011234,0.0,76.0
hand_eye,GNN-CORO,0.3264316404414668,0.37090580830305575,0.03221125726014849,1.0,76.0
rwhe,GNN-CORO,6.257985297547944,0.3193187494575408,0.06770825617839965,0.0,76.0
axbycz,GNN-CORO,15.59407948937537,0.45712257311539845,0.20585765715002502,0.0,76.0
hand_eye,ZNN-SVD,0.6069506131161085,0.014276506435855756,0.00022740594762885047,1.0,77.0
rwhe,ZNN-SVD,0.6030353116887556,0.017876837491443857,0.0002957763187043457,1.0,77.0
axbycz,ZNN-SVD,1.617971992112329,0.01955996754853799,0.0007901375408782054,1.0,77.0
hand_eye,ZNN-CORO,0.6069506151433838,0.014276506435855766,0.0002274059476292466,1.0,77.0
rwhe,ZNN-CORO,0.603035313726775,0.017876837491443868,0.0002957763187042841,1.0,77.0
axbycz,ZNN-CORO,1.6179719928738097,0.019559967548539257,0.0007901375408726811,1.0,77.0
hand_eye,GNN-SVD,10.405911609298819,0.1080185507289161,0.043325380245895585,0.0,77.0
rwhe,GNN-SVD,9.126665240702902,0.29975652376197576,0.10215982576595568,0.0,77.0
axbycz,GNN-SVD,11.17665560524875,0.3811335737766107,0.24889749480020093,0.0,77.0
hand_eye,GNN-CORO,10.405911609416377,0.10801855072892702,0.04332538024587568,0.0,77.0
rwhe,GNN-CORO,9.126665240837328,0.29975652376199546,0.10215982576587207,0.0,77.0
axbycz,GNN-CORO,11.176655605358818,0.3811335737766148,0.24889749480003662,0.0,77.0
hand_eye,ZNN-SVD,0.48355997977569304,0.009321977317893745,0.0003529308680169951,1.0,78.0
rwhe,ZNN-SVD,0.7553475010857166,0.01823669943454294,0.00038963132375955057,1.0,78.0
axbycz,ZNN-SVD,0.7211157642263506,0.01602889992711269,0.00020425551314040265,1.0,78.0
hand_eye,ZNN-CORO,0.48355998232025327,0.009321977317893733,0.00035293086801758505,1.0,78.0
rwhe,ZNN-CORO,0.7553475027156914,0.01823669943454294,0.0003896313237571407,1.0,78.0
axbycz,ZNN-CORO,0.7211157659306644,0.016028899927112636,0.00020425551313788006,1.0,78.0
hand_eye,GNN-SVD,2.40079819833074,0.21661965586240853,0.012397988398967682,1.0,78.0
rwhe,GNN-SVD,3.3177799556765235,0.25855938008971646,0.07846834695187767,1.0,78.0
axbycz,GNN-SVD,16.756717506789794,0.45521254458002,0.19954415402058692,0.0,78.0
hand_eye,GNN-CORO,2.4007981988440066,0.21661965586240875,0.012397988398966497,1.0,78.0
rwhe,GNN-CORO,3.3177799560471515,0.2585593800897329,0.07846834695184236,1.0,78.0
axbycz,GNN-CORO,16.756717506860973,0.4552125445800376,0.19954415402044862,0.0,78.0
hand_eye,ZNN-SVD,0.5548733599716186,0.00989240460534779,0.00022876035540567833,1.0,79.0
rwhe,ZNN-SVD,0.9775529740966376,0.015849374031316085,0.0004059578381064702,1.0,79.0
axbycz,ZNN-SVD,1.3392937939272513,0.027516422091057098,0.0008992558554157722,1.0,79.0
hand_eye,ZNN-CORO,0.5548733621878417,0.00989240460534779,0.00022876035540499108,1.0,79.0
rwhe,ZNN-CORO,0.9775529753576224,0.015849374031316067,0.00040595783810671394,1.0,79.0
axbycz,ZNN-CORO,1.3392937948455084,0.027516422091055304,0.0008992558554071785,1.0,79.0
hand_eye,GNN-SVD,7.971100457198946,0.237634145333133,0.020394534245257143,0.0,79.0
rwhe,GNN-SVD,5.060758589640593,0.22125253893870156,0.04952724409929935,0.0,79.0
axbycz,GNN-SVD,11.457971566022714,0.36968355895093685,0.563745030278098,0.0,79.0
hand_eye,GNN-CORO,7.971100457352797,0.2376341453331347,0.020394534245247623,0.0,79.0
rwhe,GNN-CORO,5.0607585898853396,0.22125253893872,0.04952724409928788,0.0,79.0
axbycz,GNN-CORO,11.457971566129922,0.36968355895096267,0.5637450302778149,0.0,79.0
